timestamp,pos_x,pos_y,pos_z,yaw,yaw_rate,yaw_cmd,flag
1612940504557616640,10.74595165,49.33476639,-4.89825249,0.91430045,-0.00895107,0.0,0
1612940504659618816,10.74882412,49.33849335,-4.90992212,0.91354295,-0.00592098,0.0,0
1612940504758620928,10.75798893,49.35040665,-4.92216063,0.91305426,-0.0039669,0.0,0
1612940504860623104,10.77493095,49.37240982,-4.9315486,0.91271997,-0.00262527,0.0,0
1612940504962625280,10.79951286,49.40431213,-4.93774319,0.91249971,-0.00173701,0.0,0
1612940505061627392,10.83038139,49.44434738,-4.94145346,0.91235779,-0.00116325,0.0,0
1612940505163629568,10.86898708,49.49438095,-4.94364166,0.91226016,-0.00076963,0.0,0
1612940505262631680,10.91263199,49.55093002,-4.94472456,0.91219706,-0.00051542,0.0,0
1612940505364633856,10.96351051,49.61682129,-4.94518757,0.91215405,-0.00034102,0.0,0
1612940505466636032,11.01995468,49.68989563,-4.94529581,0.91212548,-0.00022565,0.0,0
1612940505565638144,11.07966423,49.76717377,-4.94526386,0.91210672,-0.00015113,0.0,0
1612940505667640320,11.14588261,49.85285187,-4.94523478,0.91209388,-0.00010002,0.0,0
1612940505769642496,11.21650791,49.9442215,-4.94530535,0.91208506,-6.619e-05,0.0,0
1612940505868644608,11.28894901,50.03792191,-4.94552279,0.91207927,-4.436e-05,0.0,0
1612940505970646784,11.36729145,50.13923645,-4.94593096,0.91207527,-2.936e-05,0.0,0
1612940506072648960,11.44910812,50.24500656,-4.94653511,0.9120726,-1.943e-05,0.0,0
1612940506171651072,11.53158283,50.35165024,-4.94730616,0.91207073,-1.302e-05,0.0,0
1612940506273653248,11.61947155,50.46528244,-4.94827938,0.91206945,-8.63e-06,0.0,0
1612940506375655424,11.71008968,50.58243561,-4.94941521,0.91206848,-5.73e-06,0.0,0
1612940506477657600,11.80322552,50.70283127,-4.95069218,0.91206754,-3.8e-06,0.0,0
1612940506576659712,11.89584064,50.82254028,-4.95204449,0.91206738,-2.54e-06,0.0,0
1612940506678661888,11.99337196,50.94861221,-4.95353127,0.91206693,-1.69e-06,0.0,0
1612940506777664000,12.08992577,51.07341003,-4.95504379,0.91206685,-1.13e-06,0.0,0
1612940506879666176,12.19120121,51.20431137,-4.95665359,0.91206647,-7.6e-07,0.0,0
1612940506981668352,12.29415703,51.33736801,-4.95829821,0.91206641,-5e-07,0.0,0
1612940507080670464,12.39556789,51.46842957,-4.95990801,0.91206631,-3.4e-07,0.0,0
1612940507182672640,12.50146198,51.60527802,-4.96156931,0.91206605,-2.2e-07,0.0,0
1612940507383676928,12.7138958,51.8798027,-4.96479797,0.91206604,-1e-07,0.0,0
1612940507383676928,12.7138958,51.8798027,-4.96479797,0.91206604,-1e-07,0.0,0
1612940507485679104,12.82340908,52.02131653,-4.96639204,0.91206596,-6e-08,0.0,0
1612940507587681280,12.93395805,52.16416931,-4.96794748,0.91206591,-4e-08,0.0,0
1612940507788685568,13.1545248,52.44916534,-4.9708724,0.91206606,-3e-08,0.0,0
1612940507890687744,13.26769257,52.59539032,-4.97227764,0.91206572,-2e-08,0.0,0
1612940507992689920,13.38160801,52.7425766,-4.97362614,0.91206569,-1e-08,0.0,0
1612940508091692032,13.49283218,52.88628387,-4.97487831,0.91206582,-1e-08,0.0,0
1612940508193694208,13.6080513,53.03515625,-4.97610998,0.91206586,-1e-08,0.0,0
1612940508295696384,13.72385693,53.18478394,-4.97728252,0.91206587,-0.0,0.0,0
1612940508394698496,13.83677387,53.33067322,-4.97836304,0.91206596,-0.0,0.0,0
1612940508496700672,13.95360279,53.48161697,-4.97941971,0.91206601,-0.0,0.0,0
1612940508598702848,14.07089043,53.63314819,-4.98041821,0.91206596,-1e-08,0.0,0
1612940508700705024,14.1886034,53.78523254,-4.98136234,0.91206569,-0.0,0.0,0
1612940508799707136,14.30322838,53.93332672,-4.98222542,0.91206566,0.0,0.0,0
1612940508901709312,14.4216795,54.08635712,-4.98306322,0.91206567,0.0,-0.02246094,0
1612940509000711424,14.53696537,54.23530197,-4.98382854,0.91203895,-0.00185281,-0.04492188,0
1612940509102713600,14.65604687,54.3891449,-4.98456955,0.91151994,-0.00942246,-0.078125,0
1612940509204715776,14.77541065,54.54335785,-4.98526525,0.91004238,-0.02090652,-0.07714844,0
1612940509303717888,14.89151382,54.69335556,-4.98589754,0.90726934,-0.03417045,-0.07226562,0
1612940509405720064,15.0113802,54.84819794,-4.98650885,0.90330431,-0.04266192,-0.06738281,0
1612940509504722176,15.1279583,54.99873734,-4.98706341,0.89884355,-0.04682992,-0.0625,0
1612940509606724352,15.24832439,55.15405655,-4.9875989,0.8939602,-0.04848749,-0.05566406,0
1612940509708726528,15.36897087,55.30953979,-4.98809958,0.88901691,-0.04795487,-0.02246094,0
1612940509807728640,15.48636913,55.46057892,-4.988554,0.88441056,-0.04298374,0.0,0
1612940509909730816,15.60766506,55.61621857,-4.98899221,0.88052537,-0.03237014,0.0,0
1612940510011732992,15.72933388,55.77185822,-4.98940277,0.87781965,-0.02142314,0.0,0
1612940510110735104,15.84780598,55.92292023,-4.98977375,0.87607184,-0.01435117,0.0,0
1612940510212737280,15.97027493,56.07849121,-4.99013138,0.87487227,-0.00949771,0.0,0
1612940510311739392,16.08953667,56.22941208,-4.9904542,0.87409696,-0.00636245,0.0,0
1612940510413741568,16.21281624,56.38479233,-4.99076366,0.87356467,-0.00421073,0.0,0
1612940510515743744,16.33649063,56.54005432,-4.99104929,0.87321203,-0.00278671,0.0,0
1612940510617745920,16.46053696,56.6952095,-4.99131441,0.87297832,-0.00184429,0.0,0
1612940510716748032,16.58127213,56.84569931,-4.99155283,0.87282709,-0.0012355,-0.11328125,0
1612940510818750208,16.70599174,57.0006485,-4.99177933,0.87245277,-0.01393266,-0.25683594,0
1612940510920752384,16.83102226,57.15550995,-4.99198914,0.86939817,-0.05356812,-0.27734375,0
1612940511022754560,16.95634079,57.3102417,-4.99218369,0.86115407,-0.10604415,-0.28320312,0
1612940511121756672,17.07824135,57.46033859,-4.99235725,0.84869962,-0.14342713,-0.30273438,0
1612940511223758848,17.20413017,57.61486816,-4.99252558,0.83256668,-0.17240529,-0.3046875,0
1612940511322760960,17.32666397,57.7646637,-4.99268293,0.81435534,-0.19415921,-0.30566406,0
1612940511424763136,17.45337486,57.9187088,-4.99284506,0.79371722,-0.20952274,-0.3046875,0
1612940511526765312,17.58069229,58.07232666,-4.99300718,0.7717848,-0.2197478,-0.29882812,0
1612940511625767424,17.7049942,58.22087097,-4.99317455,0.74969873,-0.22566958,-0.14746094,0
1612940511727769600,17.83396721,58.37318039,-4.99335289,0.7267362,-0.21495579,-0.046875,0
1612940511829771776,17.96401405,58.52458572,-4.99354649,0.70668051,-0.17661658,0.0,0
1612940511928773888,18.09139633,58.67051697,-4.99374437,0.69168631,-0.12662639,0.0,0
1612940512030776064,18.2239666,58.81965637,-4.99395514,0.68110407,-0.08380374,0.0,0
1612940512132778240,18.35799217,58.96742249,-4.9941659,0.67409972,-0.05546197,0.0,0
1612940512234780416,18.49352264,59.11373138,-4.99436426,0.66946292,-0.03670521,0.0,0
1612940512336782592,18.63055992,59.25854111,-4.99452591,0.66639282,-0.0242919,0.0,0
1612940512537786880,18.90484047,59.53966904,-4.99471426,0.66304532,-0.01076978,0.0,0
1612940512636788992,19.04187584,59.67617416,-4.99474764,0.66216435,-0.00721473,0.0,0
1612940512738791168,19.18430519,59.81554413,-4.9947505,0.66155913,-0.00477492,0.0,0
1612940512837793280,19.32367325,59.94965363,-4.99472809,0.66116737,-0.0031988,0.0,0
1612940512939795456,19.46834946,60.0867157,-4.99468803,0.66089717,-0.0021171,-0.20410156,0
1612940513041797632,19.61405754,60.2227211,-4.9946394,0.66042203,-0.01996529,-0.32714844,0
1612940513143799808,19.76071548,60.35774994,-4.99458027,0.65565175,-0.07757249,-0.34375,0
1612940513242801920,19.90390587,60.48793793,-4.99451733,0.64480587,-0.13870212,-0.33984375,0
1612940513344804096,20.05225563,60.62121582,-4.99446774,0.62824578,-0.18267891,-0.32128906,0
1612940513443806208,20.19702721,60.74974442,-4.99442959,0.60871886,-0.20879744,-0.31542969,0
1612940513545808384,20.34702492,60.88126755,-4.99441242,0.58663132,-0.2228929,-0.31445312,0
1612940513647810560,20.49794197,61.01174545,-4.99442768,0.56344085,-0.23120642,-0.3125,0
1612940513746812672,20.64538765,61.13726425,-4.99447489,0.54028185,-0.23621637,-0.30859375,0
1612940513848814848,20.79840851,61.26524734,-4.99455976,0.51602582,-0.23897934,-0.29980469,0
1612940513950817024,20.95265198,61.39168549,-4.99467707,0.4916052,-0.23925272,-0.29296875,0
1612940514052819200,21.10821533,61.51638794,-4.99481964,0.46728408,-0.23735031,-0.28710938,0
1612940514151821312,21.26054573,61.63560104,-4.99498415,0.44392402,-0.23442298,-0.22851562,0
1612940514253823488,21.41894913,61.75635147,-4.9951725,0.42029998,-0.22509898,-0.21191406,0
1612940514355825664,21.57889557,61.87485123,-4.99536705,0.39820626,-0.20815973,-0.20996094,0
1612940514457827840,21.74043083,61.99094009,-4.9955616,0.37774668,-0.19385545,-0.20996094,0
1612940514556829952,21.89876366,62.10117722,-4.99574947,0.3590586,-0.18429779,-0.20996094,0
1612940514658832128,22.06350136,62.21212769,-4.9959259,0.34061528,-0.17773843,-0.20996094,0
1612940514760834304,22.22986794,62.32032394,-4.99608135,0.32271911,-0.17339741,-0.15820312,0
1612940514859836416,22.39288712,62.42263794,-4.99620295,0.30575811,-0.16632369,-0.05859375,0
1612940514961838592,22.56241417,62.52522659,-4.99629879,0.28970747,-0.14303695,0.0,0
1612940515063840768,22.73350525,62.62488556,-4.99636793,0.27703784,-0.10344439,0.0,0
1612940515162842880,22.90102577,62.71879578,-4.99640942,0.26859017,-0.06929691,0.0,0
1612940515264845056,23.07508278,62.8126564,-4.99641657,0.26278787,-0.04586151,0.0,0
1612940515363847168,23.24538994,62.90095901,-4.99638224,0.25903557,-0.03072263,-0.10742188,0
1612940515465849344,23.42219162,62.98914337,-4.99629688,0.25630028,-0.03010353,-0.20703125,0
1612940515567851520,23.60027504,63.07461166,-4.99616241,0.25204671,-0.05834799,-0.22851562,0
1612940515666853632,23.77427292,63.15510941,-4.99599123,0.24439425,-0.09524976,-0.234375,0
1612940515768855808,23.95465279,63.23563766,-4.99578857,0.2331097,-0.12431646,-0.25488281,0
1612940515870857984,24.13608932,63.31383133,-4.99557781,0.21928697,-0.1465642,-0.26171875,0
1612940515969860096,24.31315422,63.38756943,-4.99538612,0.20382835,-0.16488628,-0.26757812,0
1612940516071862272,24.49654388,63.46130753,-4.99522018,0.18624272,-0.17931764,-0.2890625,0
1612940516170864384,24.67543983,63.53069687,-4.99509716,0.1679124,-0.19163123,-0.29492188,0
1612940516272866560,24.86066437,63.59988785,-4.99501038,0.14769911,-0.20423254,-0.29589844,0
1612940516371868672,25.04130363,63.66473007,-4.99496603,0.12699905,-0.21335734,-0.296875,0
1612940516473870848,25.22828865,63.72907639,-4.99495459,0.10488219,-0.21989344,-0.29296875,0
1612940516575873024,25.41613579,63.79081726,-4.9949789,0.0822124,-0.22402623,-0.27246094,0
1612940516677875200,25.60482407,63.84983063,-4.99503422,0.05928394,-0.22404218,-0.24707031,0
1612940516776877312,25.78874779,63.9043808,-4.9951129,0.03732928,-0.21799184,-0.22558594,0
1612940516872879360,25.96781349,63.95459747,-4.99521589,0.0168093,-0.20888093,-0.21972656,0
1612940516971881472,26.15317917,64.00352478,-4.99532604,-0.00331056,-0.19783393,-0.09179688,0
1612940517073883648,26.34487534,64.05077362,-4.99545527,-0.0228429,-0.17765477,-0.01757812,0
1612940517274887936,26.72456932,64.13422394,-4.99568653,-0.05016083,-0.09324154,0.0,0
1612940517274887936,26.72456932,64.13422394,-4.99568653,-0.05016083,-0.09324154,0.0,0
1612940517478892288,27.11224365,64.20552826,-4.99582958,-0.0632101,-0.04472717,-0.18652344,0
1612940517577894400,27.30109978,64.2353363,-4.99582863,-0.06762794,-0.05426818,-0.20410156,0
1612940517679896576,27.49611092,64.26290131,-4.99576998,-0.07491664,-0.08749266,-0.22265625,0
1612940517781898752,27.6915226,64.28741455,-4.99565744,-0.08521952,-0.11380384,-0.2265625,0
1612940517883900928,27.88729668,64.30903625,-4.99550581,-0.09797192,-0.13494091,-0.22167969,0
1612940517982903040,28.07762718,64.3273468,-4.99534845,-0.11207734,-0.14861053,-0.1484375,0
1612940518084905216,28.27401161,64.34350586,-4.99519777,-0.12760541,-0.15057151,-0.08691406,0
1612940518183907328,28.46486282,64.3565979,-4.99506903,-0.14179952,-0.13273279,-0.05175781,0
1612940518285909504,28.66170311,64.36741638,-4.99496651,-0.15411459,-0.10802967,-0.01074219,0
1612940518387911680,28.85871506,64.37549591,-4.99489117,-0.16383933,-0.08151303,0.0,0
1612940518489913856,29.05585289,64.38085175,-4.99483442,-0.17080208,-0.05591397,0.0,0
1612940518588915968,29.24728203,64.383461,-4.99478722,-0.17537133,-0.03745679,0.0,0
1612940518690918144,29.444561,64.38352966,-4.99473381,-0.17851014,-0.02478949,0.0,0
1612940518792920320,29.64189911,64.38105011,-4.99466467,-0.18058993,-0.01640622,0.0,0
1612940518891922432,29.83343315,64.37628937,-4.9945817,-0.18193552,-0.01099074,0.0,0
1612940518993924608,30.03077126,64.36909485,-4.99448156,-0.18286073,-0.0072741,0.0,0
1612940519095926784,30.22810936,64.35971069,-4.99436808,-0.18347452,-0.00481438,0.0,0
1612940519194928896,30.4196434,64.34864807,-4.99425793,-0.18387237,-0.00322539,0.0,0
1612940519296931072,30.61698151,64.3353653,-4.99414444,-0.18414637,-0.00213484,0.0,0
1612940519395933184,30.80851555,64.32077789,-4.99403429,-0.18432413,-0.00143033,0.0,0
1612940519497935360,31.00583458,64.30413055,-4.993927,-0.18444723,-0.0009468,0.0,0
1612940519599937536,31.20310783,64.2859726,-4.99382973,-0.18452914,-0.00062678,0.0,0
1612940519701939712,31.40038109,64.26638031,-4.99374819,-0.18458374,-0.00041495,0.0,0
1612940519800941824,31.59185219,64.2461319,-4.99368143,-0.18461991,-0.00027809,0.0,0
1612940519902944000,31.78912544,64.22406769,-4.99362516,-0.184645,-0.00018415,0.0,0
1612940520001946112,31.98056984,64.20158386,-4.99358273,-0.18466126,-0.00012345,0.0,0
1612940520103948288,32.17783737,64.17738342,-4.9935503,-0.1846729,-8.178e-05,0.0,0
1612940520205950464,32.37511063,64.15222931,-4.99353313,-0.18468086,-5.418e-05,0.0,0
1612940520307952640,32.57228851,64.12618256,-4.99352407,-0.18468624,-3.591e-05,0.0,0
1612940520406954752,32.76363373,64.10012054,-4.99352407,-0.18468978,-2.41e-05,0.0,0
1612940520508956928,32.96077728,64.0725174,-4.99353266,-0.18469232,-1.6e-05,0.0,0
1612940520607959040,33.1521225,64.0450592,-4.99354839,-0.1846943,-1.076e-05,0.0,0
1612940520709961216,33.34926605,64.01613617,-4.99356461,-0.1846961,-7.15e-06,0.0,0
1612940520811963392,33.54640961,63.98660278,-4.9935956,-0.18469747,-4.76e-06,0.0,0
1612940520910965504,33.73775482,63.95741272,-4.99362707,-0.18469834,-3.2e-06,0.0,0
1612940521012967680,33.93489838,63.92683792,-4.9936595,-0.18469914,-2.13e-06,0.0,0
1612940521114969856,34.13204193,63.89578247,-4.99369192,-0.18469987,-1.43e-06,0.0,0
1612940521213971968,34.32338715,63.86522293,-4.99372339,-0.18470014,-9.7e-07,0.0,0
1612940521315974144,34.5205307,63.83333969,-4.99375582,-0.18470023,-6.5e-07,0.0,0
1612940521417976320,34.71767426,63.8010788,-4.9937911,-0.18470025,-4.5e-07,0.0,0
1612940521516978432,34.90901947,63.7694397,-4.99383402,-0.18470022,-2.9e-07,0.0,0
1612940521618980608,35.10616302,63.73651886,-4.99386644,-0.18470015,-2.1e-07,0.0,0
1612940521717982720,35.29750824,63.70428848,-4.99389791,-0.18470004,-1.6e-07,0.0,0
1612940521819984896,35.49465179,63.6708107,-4.99393463,-0.18469988,-1.2e-07,0.0,0
1612940521918987008,35.68596268,63.63807678,-4.9939661,-0.18469996,-9e-08,0.0,0
1612940522020989184,35.88297653,63.60412216,-4.99399853,-0.18470028,-6e-08,0.0,0
1612940522221993472,36.27120972,63.53658676,-4.99406242,-0.18470075,-2e-08,0.0,0
1612940522221993472,36.27120972,63.53658676,-4.99406242,-0.18470075,-2e-08,0.0,0
1612940522422997760,36.6594429,63.46833038,-4.99412632,-0.18470115,-1e-08,0.03720093,0
1612940522524999936,36.85645676,63.43346024,-4.99415874,-0.18461265,0.00430688,0.04211426,0
1612940522627002112,37.05347061,63.39842987,-4.99419117,-0.18370577,0.01321934,0.04406738,0
1612940522726004224,37.24468994,63.3643074,-4.99422264,-0.18204956,0.0199018,0.08514404,0
1612940522828006400,37.4417038,63.32902908,-4.99425507,-0.17968882,0.02861208,0.0920105,0
1612940522930008576,37.63871765,63.29363251,-4.99428177,-0.17605514,0.0421751,0.09884644,0
1612940523029010688,37.82993698,63.2592659,-4.9942975,-0.17135134,0.05249472,0.11645508,0
1612940523131012864,38.02695084,63.22373199,-4.99431372,-0.16551242,0.06244808,0.1506958,0
1612940523233015040,38.2240181,63.18829727,-4.99432993,-0.1585669,0.07508489,0.15463257,0
1612940523332017152,38.41536331,63.15396118,-4.99434566,-0.15037226,0.08975911,0.15756226,0
1612940523434019328,38.61250687,63.11875153,-4.99436188,-0.14062825,0.10074247,0.16146851,0
1612940523536021504,38.80970001,63.0838089,-4.99439049,-0.12992017,0.10894337,0.16244507,0
1612940523635023616,39.00117111,63.05023575,-4.99442196,-0.11882156,0.11493241,0.16146851,0
1612940523737025792,39.1985321,63.01611328,-4.99445438,-0.1068672,0.11910599,0.12527466,0
1612940523836027904,39.39017487,62.98356628,-4.99448586,-0.09499391,0.11835948,0.10668945,0
1612940523938030080,39.58773804,62.95074081,-4.99451828,-0.08333366,0.10945508,0.08612061,0
1612940524040032256,39.78543091,62.91875839,-4.99456596,-0.07268454,0.09856354,0.04699707,0
1612940524139034368,39.97743988,62.88863373,-4.99461317,-0.06350332,0.08546259,0.0,0
1612940524241036544,40.17540741,62.85864258,-4.99466181,-0.05576259,0.06437696,0.0,0
1612940524343038720,40.3735199,62.82978058,-4.99471045,-0.05038252,0.04260569,0.0,0
1612940524445040896,40.57177353,62.80210495,-4.99475908,-0.04682173,0.02819682,0.0,0
1612940524544043008,40.76433182,62.77641296,-4.99479103,-0.04452123,0.01888886,0.05578613,0
1612940524646045184,40.96285629,62.75114059,-4.99481869,-0.04280913,0.0189594,0.14483643,0
1612940524748047360,41.16151047,62.72705841,-4.9948349,-0.04026168,0.03620985,0.16537476,0
1612940524847049472,41.35443497,62.70476532,-4.9948349,-0.03528923,0.06384695,0.17224121,0
1612940524949051648,41.55331421,62.68287659,-4.99482775,-0.02754514,0.08691906,0.15756226,0
1612940525048053760,41.74643707,62.66264343,-4.99481201,-0.01811103,0.10179732,0.0274353,0
1612940525150055936,41.94552612,62.6428299,-4.9947958,-0.00763318,0.09415666,0.0,0
1612940525252058112,42.14472198,62.6240921,-4.99479342,0.00058494,0.06687632,0.0,0
1612940525351060224,42.33813095,62.60700226,-4.99479342,0.00604038,0.04480023,0.0,0
1612940525453062400,42.5374794,62.59057236,-4.99480152,0.00978469,0.0296492,0.0,0
1612940525555064576,42.73694229,62.57535553,-4.9948144,0.012263,0.0196221,0.0,0
1612940525654066688,42.93057251,62.56175613,-4.9948144,0.01386422,0.01314471,0.0,0
1612940525756068864,43.13018036,62.54892349,-4.9948144,0.01496335,0.00869931,0.0,0
1612940525858071040,43.32980728,62.53724289,-4.99480391,0.01569094,0.00575732,0.0,0
1612940525960073216,43.52954483,62.52664948,-4.99478769,0.01617263,0.00381027,0.0,0
1612940526059075328,43.72340775,62.51734543,-4.99476814,0.01648393,0.00255251,0.04309082,0
1612940526161077504,43.92323303,62.50871277,-4.99473572,0.01680045,0.00667807,0.16732788,0
1612940526260079616,44.11722183,62.50119781,-4.99470425,0.01819012,0.02901309,0.215271,0
1612940526362081792,44.31708908,62.49428177,-4.99467182,0.02312075,0.06840712,0.22409058,0
1612940526464083968,44.51703262,62.48815155,-4.9946394,0.03196694,0.1032533,0.24462891,0
1612940526566086144,44.71702957,62.48277283,-4.99461794,0.04387568,0.12989551,0.26812744,0
1612940526665088256,44.91114426,62.47829437,-4.9946022,0.05785426,0.15238272,0.26812744,0
1612940526869092608,45.31113815,62.47166061,-4.99460936,0.09263342,0.18520395,0.2906189,0
1612940526968094720,45.50525284,62.46993637,-4.99463654,0.11150787,0.19659793,0.29745483,0
1612940527070096896,45.70524979,62.46939087,-4.99468184,0.13215318,0.2079245,0.30041504,0
1612940527172099072,45.90524673,62.47024918,-4.9947443,0.15383875,0.21690854,0.30041504,0
1612940527271101184,46.0993309,62.47261429,-4.99482584,0.17564264,0.22319269,0.24072266,0
1612940527373103360,46.29919815,62.4767952,-4.99493027,0.19851845,0.22108273,0.16732788,0
1612940527475105536,46.49892807,62.4829483,-4.99505568,0.22034855,0.20296437,0.0920105,0
1612940527574107648,46.69261932,62.49097824,-4.995193,0.23901336,0.17062755,0.05285645,0
1612940527676109824,46.89196777,62.50156021,-4.99535131,0.25452329,0.13314936,0.04309082,0
1612940527778112000,47.09104919,62.51461029,-4.99550819,0.26639965,0.10118902,0.02349854,0
1612940527877114112,47.28398132,62.52973175,-4.99564362,0.27520582,0.07684969,0.01763916,0
1612940527979116288,47.48241806,62.54787827,-4.9957552,0.28196219,0.05651955,0.0166626,0
1612940528078118400,47.67466736,62.56797028,-4.99582386,0.28681756,0.04235489,0.01568604,0
1612940528180120576,47.87237167,62.59116364,-4.99585009,0.29060147,0.03235179,0.01080322,0
1612940528282122752,48.06969833,62.61680603,-4.99583244,0.29353034,0.02513323,0.0,0
1612940528384124928,48.26665115,62.64479446,-4.99577379,0.29577011,0.01834077,0.01763916,0
1612940528483127040,48.45746994,62.67409515,-4.99568653,0.29729184,0.01374168,0.08514404,0
1612940528585129216,48.65371704,62.70635223,-4.99557257,0.29881707,0.02048419,0.10275269,0
1612940528687131392,48.84963226,62.74059677,-4.99544287,0.30180701,0.03821027,0.1242981,0
1612940528789133568,49.04522705,62.77669907,-4.9953022,0.30653462,0.05489884,0.14483643,0
1612940528888135680,49.23478317,62.81341553,-4.99516392,0.31274653,0.07087061,0.16244507,0
1612940528990137856,49.4297905,62.85288239,-4.99503422,0.32080379,0.08726783,0.17126465,0
1612940529092140032,49.62450409,62.89395142,-4.99491739,0.33046505,0.10177835,0.2074585,0
1612940529191142144,49.81320572,62.93531036,-4.99482059,0.34118718,0.11647788,0.22702026,0
1612940529293144320,50.00731659,62.97946548,-4.99474478,0.35395395,0.1339691,0.22799683,0
1612940529395146496,50.20109177,63.02519989,-4.99468946,0.36843776,0.14902529,0.22994995,0
1612940529494148608,50.38882065,63.0711174,-4.9946537,0.38371882,0.15913652,0.22799683,0
1612940529596150784,50.58185196,63.1200676,-4.99464369,0.40034309,0.1662019,0.22799683,0
1612940529695152896,50.76877594,63.16923904,-4.99465513,0.41702153,0.17044915,0.22506714,0
1612940529797155072,50.96087646,63.22171021,-4.9946866,0.4345622,0.17309746,0.18493652,0
1612940529899157248,51.15243149,63.27609634,-4.9947381,0.45220361,0.17002048,0.10177612,0
1612940530001159424,51.34337234,63.33249664,-4.99480534,0.46894459,0.15338309,0.06265259,0
1612940530100161536,51.52804947,63.38924408,-4.99488401,0.4828038,0.12591064,0.0274353,0
1612940530202163712,51.71760559,63.44987869,-4.99496508,0.49419282,0.09706616,0.04602051,0
1612940530304165888,51.90637589,63.5127182,-4.99504614,0.50273194,0.0732178,0.12625122,0
1612940530406168064,52.0943222,63.57780838,-4.99512148,0.5097121,0.06996824,0.16439819,0
1612940530505170176,52.27593613,63.64311218,-4.99517584,0.51721777,0.08339257,0.18692017,0
1612940530607172352,52.46220779,63.71256638,-4.99520159,0.52662381,0.10146368,0.19082642,0
1612940530709174528,52.64763641,63.78418732,-4.99520063,0.53781951,0.11721858,0.20550537,0
1612940530811176704,52.83222198,63.85789871,-4.99518108,0.55040557,0.1297206,0.2074585,0
1612940530910178816,53.01056671,63.9314003,-4.99514961,0.56380604,0.14038938,0.25344849,0
1612940531012180992,53.19345474,64.00914764,-4.99511719,0.57861013,0.15219794,0.32583618,0
1612940531114183168,53.37544632,64.08894348,-4.99510002,0.5951721,0.17642534,0.34539795,0
1612940531216185344,53.55648804,64.17082214,-4.99509525,0.6146739,0.20541115,0.35031128,0
1612940531315187456,53.73126602,64.25228882,-4.99510288,0.6361641,0.22755834,0.35324097,0
1612940531417189632,53.91030121,64.33834839,-4.99512672,0.66025679,0.24393855,0.35714722,0
1612940531618193920,54.25966644,64.51455688,-4.99524832,0.71151456,0.264061,0.35617065,0
1612940531720196096,54.43498993,64.60754395,-4.99535513,0.73877328,0.26984885,0.3522644,0
1612940531822198272,54.60882568,64.70307159,-4.99549246,0.76647414,0.27287003,0.34933472,0
1612940531924200448,54.78103256,64.80125427,-4.99565029,0.79437341,0.27401415,0.34539795,0
1612940532023202560,54.94650269,64.89916229,-4.99581671,0.82149476,0.27367488,0.33953857,0
1612940532125204736,55.11508179,65.00287628,-4.9960227,0.84935521,0.27232987,0.31704712,0
1612940532227206912,55.28158569,65.10953522,-4.99623919,0.87697417,0.26781231,0.26617432,0
1612940532326209024,55.44104385,65.21595764,-4.9964571,0.90311257,0.25784341,0.26126099,0
1612940532428211200,55.60301208,65.3286438,-4.99666595,0.9285081,0.24085672,0.26028442,0
1612940532527213312,55.75781631,65.44100952,-4.99686337,0.95173606,0.22900325,0.26126099,0
1612940532629215488,55.91473007,65.55986786,-4.99704218,0.97465119,0.22078826,0.33563232,0
1612940532731217664,56.06890488,65.68186951,-4.99719572,0.99695084,0.22037069,0.39334106,0
1612940532833219840,56.22027206,65.80699158,-4.99730253,1.02031937,0.24023429,0.39532471,0
1612940532932221952,56.36442566,65.93138885,-4.99737358,1.04531249,0.26309019,0.37573242,0
1612940533034224128,56.51002502,66.06256104,-4.99741793,1.07299113,0.27701083,0.36987305,0
1612940533136226304,56.65256882,66.19676971,-4.99744749,1.10158116,0.28259507,0.34933472,0
1612940533238228480,56.79196167,66.33394623,-4.99746895,1.13051294,0.28288922,0.34051514,0
1612940533337230592,56.9241066,66.46997833,-4.99750376,1.15837367,0.27942365,0.33856201,0
1612940533439232768,57.05690765,66.61303711,-4.99754047,1.18666198,0.27516019,0.3336792,0
1612940533541234944,57.18616486,66.75898743,-4.99759293,1.21456543,0.27158579,0.33074951,0
1612940533640237056,57.30812073,66.90339661,-4.99764252,1.24129699,0.26815328,0.32681274,0
1612940533742239232,57.43004227,67.05497742,-4.9976964,1.26850196,0.26486161,0.28768921,0
1612940533844241408,57.54805374,67.20933533,-4.9977479,1.29531877,0.25820762,0.23486328,0
1612940533946243584,57.66206741,67.36639404,-4.99777699,1.32103291,0.24339305,0.1321106,0
1612940534048245760,57.7720108,67.5260849,-4.99777746,1.34458631,0.21240868,0.04699707,0
1612940534147247872,57.87475204,67.68351746,-4.99777317,1.36360009,0.16808905,0.0274353,0
1612940534249250048,57.97643661,67.84815216,-4.9977479,1.37832598,0.12178378,0.0,0
1612940534348252160,58.07106018,68.01019287,-4.99768448,1.38862314,0.08597066,0.0,0
1612940534450254336,58.16441345,68.17937469,-4.99755955,1.3958465,0.05689752,0.0,0
1612940534552256512,58.25364685,68.35066223,-4.99735212,1.40063972,0.0376564,0.0,0
1612940534651258624,58.33644867,68.51881409,-4.99707508,1.40374646,0.02522721,0.0,0
1612940534753260800,58.41801453,68.69390869,-4.99671888,1.40588746,0.01669711,0.0,0
1612940534855262976,58.49599075,68.87073517,-4.99630594,1.40731244,0.01105178,0.0,0
1612940534957265152,58.57057953,69.04917145,-4.99585629,1.40826255,0.00731554,0.0,0
1612940535056267264,58.63994598,69.22379303,-4.99539995,1.40888038,0.00490186,0.02056885,0
1612940535158269440,58.70850372,69.40506744,-4.99493456,1.40935912,0.00562654,0.07342529,0
1612940535257271552,58.77242661,69.58223724,-4.99450111,1.41019386,0.01391043,0.07928467,0
1612940535359273728,58.83576965,69.76593781,-4.99408388,1.41244192,0.02924178,0.08514404,0
1612940535461275904,58.89674377,69.950737,-4.99370575,1.41605923,0.04109059,0.13800049,0
1612940535560278016,58.95381165,70.13108063,-4.99338198,1.42067931,0.05485166,0.17126465,0
1612940535662280192,59.0105629,70.31781006,-4.99309921,1.42730872,0.07570016,0.21722412,0
1612940535764282368,59.06534958,70.5054245,-4.99286842,1.43620137,0.10015366,0.23974609,0
1612940535863284480,59.11671829,70.68830109,-4.99269629,1.44739011,0.12564765,0.25735474,0
1612940535965286656,59.16781998,70.87747955,-4.99257183,1.46139164,0.14843625,0.26715088,0
1612940536067288832,59.21708679,71.06738281,-4.99249792,1.47754973,0.16772735,0.27105713,0
1612940536268293120,59.30865479,71.44364166,-4.99249983,1.51403303,0.1926506,0.27398682,0
1612940536370295296,59.35217667,71.63555145,-4.99256659,1.53410155,0.20027244,0.27008057,0
1612940536472297472,59.39356613,71.82806396,-4.99267387,1.55480055,0.20492871,0.23779297,0
1612940536571299584,59.43159485,72.01547241,-4.99281263,1.57515988,0.20409562,0.20550537,0
1612940536673301760,59.46843338,72.20911407,-4.99298573,1.59563682,0.19612534,0.0166626,0
1612940536769303808,59.50082779,72.39185333,-4.99316406,1.61371538,0.17098778,0.0,0
1612940536871305984,59.53271103,72.58649445,-4.99336958,1.62822686,0.11608043,0.0,0
1612940536973308160,59.56185532,72.78158569,-4.99358034,1.63793396,0.07682311,0.0,0
1612940537072310272,59.58745956,72.97132111,-4.99377918,1.64420832,0.05146321,0.0,0
1612940537174312448,59.61106491,73.16717529,-4.99395275,1.64851792,0.03405896,0.0,0
1612940537276314624,59.6319046,73.3633728,-4.99407959,1.65137355,0.02254081,0.0,0
1612940537378316800,59.65006638,73.55986023,-4.9941535,1.65326539,0.01491806,0.0,0
1612940537477318912,59.66526031,73.75082397,-4.9941783,1.65448942,0.00999387,0.0,0
1612940537579321088,59.67854309,73.94781494,-4.99416256,1.65533111,0.00661442,0.0,0
1612940537681323264,59.68956757,74.1450119,-4.99411535,1.65589019,0.00437783,0.0,0
1612940537780325376,59.69824982,74.33660889,-4.99404812,1.65625332,0.00293299,0.0,0
1612940537882327552,59.7052536,74.53423309,-4.99396706,1.6565028,0.00194136,0.0,0
1612940537984329728,59.71043396,74.73197937,-4.99388599,1.65666842,0.00128506,0.0,0
1612940538086331904,59.71392059,74.92990112,-4.99380493,1.65677912,0.00085068,0.0,0
1612940538185334016,59.71579361,75.12214661,-4.99372625,1.65685098,0.00057004,0.0,0
1612940538287336192,59.71629715,75.32032776,-4.99365664,1.65690053,0.00037741,0.0,0
1612940538389338368,59.71545029,75.51863098,-4.99359512,1.65693579,0.00024992,0.0,0
1612940538491340544,59.7133522,75.71707153,-4.99354649,1.65696016,0.0001655,0.0,0
1612940538590342656,59.71022034,75.9096756,-4.99351168,1.65697577,0.00011096,0.01959229,0
1612940538692344832,59.70593643,76.10836029,-4.99348497,1.65700902,0.00168969,0.08908081,0
1612940538794347008,59.70066452,76.30706024,-4.99346876,1.65755413,0.0132237,0.16830444,0
1612940538893349120,59.69467163,76.49991608,-4.99346542,1.65996662,0.03915924,0.20452881,0
1612940538995351296,59.68766403,76.69880676,-4.99346542,1.66574963,0.07451645,0.20843506,0
1612940539097353472,59.67986298,76.89776611,-4.99348116,1.67494623,0.1040293,0.21136475,0
1612940539199355648,59.67128372,77.09672546,-4.99350262,1.68666244,0.12447733,0.21331787,0
1612940539301357824,59.6619072,77.29568481,-4.99353504,1.70012773,0.13869934,0.21136475,0
1612940539400359936,59.65197754,77.48879242,-4.99358225,1.71435889,0.14802554,0.20550537,0
1612940539502362112,59.64078903,77.68775177,-4.99364519,1.72978193,0.15362279,0.16830444,0
1612940539604364288,59.62852097,77.88671112,-4.99372292,1.74551856,0.15225159,0.09298706,0
1612940539706366464,59.61502838,78.08567047,-4.9938159,1.76054705,0.13798483,0.0,0
1612940539805368576,59.60063553,78.27877808,-4.99391699,1.77298631,0.10966897,0.0,0
1612940539907370752,59.58435059,78.47756195,-4.99403048,1.78215217,0.0725844,0.0,0
1612940540006372864,59.56703186,78.67041779,-4.99414062,1.78807389,0.04862369,0.0,0
1612940540108375040,59.54756165,78.86890411,-4.99425173,1.79213841,0.03217958,0.0,0
1612940540210377216,59.52642059,79.06724548,-4.99434519,1.79482885,0.02129676,0.0,0
1612940540309379328,59.50432587,79.25959778,-4.99441624,1.79656788,0.0142666,0.0,0
1612940540411381504,59.47999191,79.45752716,-4.99446583,1.79776222,0.00944184,0.0,0
1612940540513383680,59.45412445,79.65529633,-4.99449205,1.79855394,0.00624877,0.0,0
1612940540612385792,59.42765808,79.84711456,-4.99449968,1.7990656,0.00418608,0.0,0
1612940540714387968,59.39905167,80.04451752,-4.99449301,1.79941752,0.00277046,0.0,0
1612940540816390144,59.36917877,80.24177551,-4.9944768,1.79965075,0.00183358,0.0,0
1612940540918392320,59.33813095,80.43891907,-4.994452,1.79980523,0.00121354,0.0,0
1612940541119396608,59.2738266,80.82694244,-4.9943881,1.79997271,0.00053808,0.0,0
1612940541119396608,59.2738266,80.82694244,-4.9943881,1.79997271,0.00053808,0.0,0
1612940541221398784,59.23976135,81.02362061,-4.99435568,1.80001588,0.00035614,0.0,0
1612940541422403072,59.17014313,81.41096497,-4.99431753,1.80006129,0.00015794,0.0,0
1612940541521405184,59.13476181,81.60155487,-4.9943018,1.80007501,0.00010583,0.0,0
1612940541623407360,59.09762573,81.79792023,-4.99428558,1.80008487,7.005e-05,0.0,0
1612940541725409536,59.05984879,81.99412537,-4.99426937,1.80009134,4.639e-05,0.0,0
1612940541815411456,59.02602386,82.16716003,-4.99426317,1.80009694,3.225e-05,-0.02636719,0
1612940541917413632,58.98716736,82.36326599,-4.99426317,1.80007536,-0.00192811,-0.04882812,0
1612940542019415808,58.9478035,82.55937195,-4.99426317,1.79950664,-0.01013106,-0.08496094,0
1612940542118417920,58.90914917,82.7494812,-4.99426317,1.79796031,-0.022732,-0.14160156,0
1612940542220420096,58.86889267,82.94532776,-4.99426317,1.79471518,-0.04370493,-0.16113281,0
1612940542322422272,58.82824707,83.14117432,-4.99426317,1.78898419,-0.06831189,-0.16210938,0
1612940542421424384,58.78847122,83.33126068,-4.99426317,1.78120522,-0.08762631,-0.1640625,0
1612940542523426560,58.74723434,83.52710724,-4.99427271,1.77153212,-0.10126064,-0.171875,0
1612940542625428736,58.70584106,83.7229538,-4.99428892,1.76068616,-0.11123703,-0.1796875,0
1612940542724430848,58.66557693,83.91304016,-4.99430466,1.74924914,-0.11978855,-0.18164062,0
1612940542826433024,58.62422943,84.10888672,-4.99432087,1.73663462,-0.12719867,-0.18359375,0
1612940542928435200,58.58311462,84.30473328,-4.99433708,1.72337268,-0.13260525,-0.18164062,0
1612940543027437312,58.54359055,84.4949646,-4.99435472,1.71004565,-0.13623689,-0.13867188,0
1612940543129439488,58.50341034,84.69107056,-4.99438715,1.69606233,-0.13560341,-0.12207031,0
1612940543231441664,58.46392059,84.8873291,-4.99442291,1.68274202,-0.12521106,-0.18457031,0
1612940543330443776,58.42639923,85.07791901,-4.99447012,1.6707488,-0.12173491,-0.21972656,0
1612940543432445952,58.38872528,85.27454376,-4.99452734,1.65785278,-0.13278688,-0.28222656,0
1612940543534448128,58.35216522,85.47132874,-4.99459219,1.64344749,-0.15296642,-0.30273438,0
1612940543633450240,58.31785583,85.66249847,-4.99465513,1.62708722,-0.17715864,-0.30566406,0
1612940543735452416,58.28380966,85.85964966,-4.99471998,1.60789594,-0.19794582,-0.30664062,0
1612940543834454528,58.2521553,86.05124664,-4.99479342,1.58756482,-0.21193945,-0.30664062,0
1612940543936456704,58.2211113,86.24884033,-4.99487448,1.56541614,-0.22171162,-0.30664062,0
1612940544038458880,58.19182587,86.44663239,-4.9949708,1.54245118,-0.2281789,-0.3046875,0
1612940544140461056,58.1644783,86.64459991,-4.99508286,1.51894888,-0.23228133,-0.296875,0
1612940544239463168,58.13996124,86.83695221,-4.99520683,1.4958431,-0.23395407,-0.27636719,0
1612940544341465344,58.11695099,87.03531647,-4.99534988,1.47202163,-0.23199566,-0.25488281,0
1612940544440467456,58.09698486,87.22792053,-4.99550343,1.44936129,-0.22475345,-0.1875,0
1612940544542469632,58.07902908,87.42658234,-4.99567842,1.42700984,-0.20975159,-0.16503906,0
1612940544644471808,58.06388474,87.62528229,-4.99585581,1.40678974,-0.18695801,-0.1640625,0
1612940544743473920,58.05199051,87.81813812,-4.99601316,1.38928191,-0.16793461,-0.14257812,0
1612940544845476096,58.0427475,88.01683807,-4.99617195,1.37290161,-0.15276375,-0.109375,0
1612940544944478208,58.03677368,88.20969391,-4.99630547,1.35853345,-0.13628121,-0.10058594,0
1612940545046480384,58.03373718,88.40827179,-4.99640989,1.34556834,-0.11844481,-0.078125,0
1612940545148482560,58.03387833,88.60671234,-4.99647713,1.33424592,-0.10287414,-0.05859375,0
1612940545247484672,58.03704071,88.79914093,-4.99650383,1.32480549,-0.08739362,0.0,0
1612940545349486848,58.04337692,88.99723053,-4.99649048,1.31676505,-0.06709714,0.0,0
1612940545448488960,58.0524559,89.18927765,-4.99644136,1.31128365,-0.04494847,0.0,0
1612940545550491136,58.06473541,89.38690186,-4.9963522,1.30751801,-0.02974757,0.0,0
1612940545649493248,58.07941055,89.57846832,-4.99623299,1.30508294,-0.01992804,-0.05859375,0
1612940545751495424,58.09723663,89.77558136,-4.99607849,1.30333988,-0.01802238,-0.08496094,0
1612940545853497600,58.11765671,89.97244263,-4.99589443,1.30094056,-0.02988767,-0.08496094,0
1612940546054501888,58.16490936,90.35964966,-4.99548721,1.29259367,-0.04986252,-0.07128906,0
1612940546156504064,58.19216537,90.5557785,-4.99527645,1.28729568,-0.05310581,-0.05175781,0
1612940546258506240,58.22146606,90.75167847,-4.99508142,1.28185522,-0.05214158,-0.04296875,0
1612940546357508352,58.25178146,90.94159698,-4.99491119,1.27690093,-0.04762359,-0.04003906,0
1612940546459510528,58.28487396,91.13703918,-4.99475622,1.27229988,-0.04266473,-0.0390625,0
1612940546561512704,58.31978226,91.33224487,-4.99462128,1.26815322,-0.03877401,-0.03417969,0
1612940546663514880,58.3564415,91.52720642,-4.99450493,1.26435034,-0.03563388,0.0,0
1612940546765517056,58.39478302,91.7219162,-4.99440575,1.26093431,-0.02926679,0.0,0
1612940546864519168,58.43354416,91.91066742,-4.99432373,1.25854459,-0.01960603,0.0,0
1612940546963521280,58.47377014,92.09918976,-4.99425268,1.25694257,-0.01313403,0.0,0
1612940547062523392,58.51539612,92.28748322,-4.99418974,1.25586866,-0.00879848,0.0,0
1612940547164525568,58.55967331,92.48124695,-4.99413538,1.25513068,-0.005823,-0.03710938,0
1612940547263527680,58.6039238,92.66906738,-4.99408817,1.2545889,-0.00758675,-0.17089844,0
1612940547365529856,58.65074921,92.86236572,-4.99403954,1.25309655,-0.03036677,-0.17089844,0
1612940547467532032,58.6987381,93.0554657,-4.9940052,1.24808386,-0.06548975,-0.16796875,0
1612940547569534208,58.74782181,93.2483902,-4.99397278,1.2401434,-0.08839568,-0.16113281,0
1612940547671536384,58.79795074,93.44112396,-4.99395132,1.2303337,-0.10249425,-0.14160156,0
1612940547770538496,58.84759521,93.62796021,-4.99394178,1.21978936,-0.1088253,-0.10449219,0
1612940547872540672,58.89977646,93.82025909,-4.99394751,1.20872097,-0.10564061,-0.05175781,0
1612940547974542848,58.95307159,94.01231384,-4.99396992,1.19847062,-0.09243089,0.0,0
1612940548073544960,59.00592041,94.19845581,-4.99400282,1.19029674,-0.07063062,0.0,0
1612940548175547136,59.06158066,94.38993073,-4.99405146,1.184393,-0.04674478,0.0,0
1612940548277549312,59.11852264,94.58102417,-4.99410009,1.18048546,-0.0309361,0.0,0
1612940548379551488,59.17676163,94.77178192,-4.99414873,1.17789932,-0.02047381,0.0,0
1612940548478553600,59.23451996,94.95655823,-4.99419594,1.17622895,-0.01371528,0.0,0
1612940548580555776,59.29526901,95.1465683,-4.99423075,1.17508198,-0.00907694,0.06655884,0
1612940548679557888,59.3553772,95.33067322,-4.9942565,1.17442064,-0.00059012,0.29354858,0
1612940548781560064,59.41844177,95.51997375,-4.99427271,1.17555161,0.03406918,0.37866211,0
1612940548883562240,59.48257065,95.70896149,-4.99427795,1.1827273,0.1067998,0.39532471,0
1612940548982564352,59.54577255,95.89209747,-4.99427795,1.19664049,0.17108874,0.39532471,0
1612940549084566528,59.61177444,96.080513,-4.99426985,1.21666007,0.21823157,0.42858887,0
1612940549183568640,59.67653275,96.26318359,-4.99425411,1.23989805,0.25085804,0.43737793,0
1612940549285570816,59.74375153,96.45124817,-4.99422693,1.26707873,0.28058201,0.43835449,0
1612940549384572928,59.80921173,96.63378143,-4.99420214,1.29595681,0.30145419,0.43249512,0
1612940549486575104,59.87651825,96.82189178,-4.99419212,1.32748806,0.31545568,0.41293335,0
1612940549585577216,59.9413681,97.00470734,-4.99420691,1.35911074,0.3216742,0.3923645,0
1612940549687579392,60.00731277,97.19338989,-4.9942627,1.39194733,0.32104811,0.37182617,0
1612940549789581568,60.07201767,97.38246918,-4.99436569,1.42442291,0.3148239,0.3336792,0
1612940549888583680,60.13326645,97.56646729,-4.9945178,1.45513154,0.30383116,0.26126099,0
1612940549990585856,60.19440842,97.75659943,-4.99472809,1.48523993,0.28312236,0.13800049,0
1612940550089587968,60.25152969,97.9417038,-4.99497318,1.51172504,0.24618772,0.13601685,0
1612940550191590144,60.30778503,98.13305664,-4.99526024,1.5342873,0.19937262,0.14190674,0
1612940550392594432,60.40999603,98.51194763,-4.99585676,1.56868713,0.15306732,0.30236816,0
1612940550494596608,60.45716858,98.70513153,-4.9961133,1.58435123,0.16244003,0.34933472,0
1612940550596598784,60.50108719,98.89887238,-4.99631739,1.60240328,0.19287038,0.34539795,0
1612940550695600896,60.54058456,99.0874176,-4.99645805,1.62291426,0.21938159,0.32388306,0
1612940550797603072,60.57804489,99.28214264,-4.9965539,1.64621264,0.23479436,0.32583618,0
1612940550899605248,60.61219406,99.47733307,-4.99661493,1.67052884,0.24161106,0.32681274,0
1612940550998607360,60.64210892,99.66714478,-4.99666214,1.69470097,0.2464283,0.37866211,0
1612940551100609536,60.66952133,99.86306763,-4.99671984,1.72007646,0.25372806,0.42858887,0
1612940551202611712,60.69338608,100.05927277,-4.99677801,1.74684864,0.27345365,0.43737793,0
1612940551301613824,60.71305466,100.24990845,-4.99684238,1.77503399,0.29510152,0.44619751,0
1612940551403616000,60.72960663,100.4465332,-4.99692154,1.80603449,0.31212628,0.45108032,0
1612940551505618176,60.7422905,100.64315796,-4.99701405,1.83858521,0.32556841,0.44815063,0
1612940551607620352,60.75095367,100.83978271,-4.99713326,1.87231848,0.33503538,0.44226074,0
1612940551709622528,60.75547028,101.03640747,-4.99727392,1.90679316,0.34017894,0.4354248,0
1612940551802624512,60.75582504,101.2154541,-4.9974308,1.93853822,0.34204099,0.43444824,0
1612940551904626688,60.75191879,101.41152191,-4.99762058,1.97342533,0.34194028,0.43249512,0
1612940552006628864,60.7433815,101.60714722,-4.9978385,2.00829116,0.34154966,0.43151855,0
1612940552105630976,60.73052979,101.79645538,-4.9980545,2.04207465,0.34084278,0.43151855,0
1612940552207633152,60.71245193,101.99075317,-4.99829149,2.07681232,0.34018937,0.42956543,0
1612940552306635264,60.69010162,102.17848206,-4.99852085,2.11047366,0.33955672,0.4276123,0
1612940552408637440,60.66200638,102.37084961,-4.99875784,2.14508044,0.33869255,0.42562866,0
1612940552510639616,60.62871933,102.56199646,-4.99895811,2.17958595,0.33753136,0.42562866,0
1612940552609641728,60.59135818,102.7461853,-4.9991374,2.21296209,0.33645925,0.42562866,0
1612940552711643904,60.54761124,102.93440247,-4.99931335,2.24726303,0.3357242,0.4276123,0
1612940552813646080,60.49850082,103.12088776,-4.99945021,2.28150721,0.33540109,0.42858887,0
1612940552912648192,60.4457016,103.30007935,-4.99954748,2.31474605,0.33562723,0.42858887,0
1612940553014650368,60.38600159,103.48266602,-4.99962473,2.34902586,0.33595884,0.4276123,0
1612940553113652480,60.32289124,103.65772247,-4.99969244,2.38232637,0.3360934,0.42172241,0
1612940553215654656,60.25258255,103.83570099,-4.99973202,2.41662754,0.3354727,0.38552856,0
1612940553317656832,60.17692184,104.01107788,-4.99974394,2.45073972,0.33043829,0.37966919,0
1612940553416658944,60.09840775,104.1786499,-4.99974012,2.4830004,0.32077873,0.37670898,0
1612940553518661120,60.01232529,104.34840393,-4.99971962,2.51533998,0.31284463,0.37573242,0
1612940553620663296,59.92103195,104.51502991,-4.99968052,2.54698085,0.30700475,0.37573242,0
1612940553722665472,59.82460785,104.67838287,-4.99961662,2.57812262,0.30297717,0.31607056,0
1612940553821667584,59.72618484,104.83365631,-4.99953556,2.6079245,0.2944501,0.12820435,0
1612940553923669760,59.61990738,104.99011993,-4.99941969,2.63688664,0.26173538,0.01373291,0
1612940554025671936,59.50880432,105.14290619,-4.99926615,2.6604401,0.19495711,0.0,0
1612940554124674048,59.39645767,105.28756714,-4.99909496,2.67657705,0.13291246,0.0,0
1612940554226676224,59.27619934,105.43278503,-4.99887228,2.6877576,0.08796342,0.0,0
1612940554328678400,59.15156174,105.57410431,-4.99858093,2.69518334,0.05821686,0.0,0
1612940554427680512,59.0266037,105.70758057,-4.99819613,2.70000204,0.03900164,0.0,0
1612940554529682688,58.89397812,105.84146118,-4.99768734,2.70332795,0.02581437,0.0,0
1612940554628684800,58.76171494,105.96800995,-4.99710178,2.70549193,0.01729564,0.0,0
1612940554730686976,58.62203979,106.09506989,-4.99643087,2.70699028,0.01144912,0.0,0
1612940554934691328,58.33325958,106.33989716,-4.9950099,2.70866714,0.00501853,0.0,0
1612940554934691328,58.33325958,106.33989716,-4.9950099,2.70866714,0.00501853,0.0,0
1612940555135695616,58.03787994,106.57028198,-4.99367905,2.70942121,0.00222798,0.0,0
1612940555234697728,57.88890076,106.68025208,-4.99309444,2.70962785,0.00149398,0.0,0
1612940555336699904,57.73324203,106.79135895,-4.99255562,2.70977452,0.00099005,0.0,0
1612940555438702080,57.57555389,106.90042114,-4.99208546,2.70987609,0.00065636,0.0,0
1612940555537704192,57.42070389,107.00444794,-4.99169636,2.70994526,0.00044065,0.0,0
1612940555639706368,57.25944901,107.10988617,-4.991364,2.7099957,0.00029245,0.0,0
1612940555741708544,57.09658813,107.21368408,-4.99109745,2.71003174,0.00019425,0.0,0
1612940555840710656,56.93709946,107.31298828,-4.99089861,2.7100575,0.00013073,0.0,0
1612940555942712832,56.77143478,107.41391754,-4.99074888,2.71007661,8.705e-05,0.0,0
1612940556044715008,56.60450363,107.51354218,-4.99065065,2.71009099,5.805e-05,0.0,0
1612940556146717184,56.43641281,107.61197662,-4.9905982,2.71010236,3.879e-05,0.0,0
1612940556245719296,56.27222443,107.70645905,-4.99058437,2.71011132,2.631e-05,0.0,0
1612940556347721472,56.1020813,107.80280304,-4.99060392,2.71011789,1.768e-05,0.0,0
1612940556449723648,55.93101883,107.8981781,-4.99065208,2.71012264,1.193e-05,0.0,0
1612940556551725824,55.75911331,107.99269104,-4.99072504,2.71012639,8.09e-06,0.0,0
1612940556653728000,55.58642197,108.08639526,-4.99081707,2.71012999,5.53e-06,0.0,0
1612940556755730176,55.41300964,108.17934418,-4.99092579,2.71013238,3.81e-06,0.0,0
1612940556854732288,55.24406052,108.26891327,-4.99104214,2.71013501,2.67e-06,0.0,0
1612940556956734464,55.06938171,108.3605423,-4.99117184,2.710137,1.86e-06,0.0,0
1612940557058736640,54.89414215,108.45159149,-4.9913063,2.71013809,1.33e-06,0.0,0
1612940557160738816,54.71837234,108.54209137,-4.99145222,2.71013893,9.6e-07,0.0,0
1612940557262740992,54.54212189,108.63208771,-4.99159813,2.71014003,7e-07,0.0,0
1612940557361743104,54.37062454,108.71900177,-4.99173975,2.71014048,5.2e-07,0.0,0
1612940557463745280,54.19352341,108.80810547,-4.99188566,2.71014071,4e-07,0.0,0
1612940557565747456,54.0160408,108.89681244,-4.99203157,2.71014087,3.1e-07,0.0,0
1612940557667749632,53.83821106,108.98514557,-4.992167,2.71014086,2.4e-07,0.0,0
1612940557766751744,53.66529465,109.0705719,-4.99229288,2.71014072,1.9e-07,-0.01757812,0
1612940557868753920,53.48684311,109.15827179,-4.99242258,2.71011002,-0.0017458,-0.02441406,0
1612940557970756096,53.30811691,109.24565887,-4.99255228,2.70969951,-0.00644597,-0.04589844,0
1612940558069758208,53.13440323,109.33022308,-4.99267292,2.70880193,-0.01278164,-0.06738281,0
1612940558171760384,52.95519638,109.41711426,-4.99278641,2.70703789,-0.0226042,-0.08789062,0
1612940558270762496,52.78104401,109.50120544,-4.99289656,2.70424696,-0.03430375,-0.109375,0
1612940558372764672,52.60144424,109.58765411,-4.99300623,2.70007033,-0.04818088,-0.14453125,0
1612940558471766784,52.42694855,109.6714859,-4.99310064,2.69460899,-0.06323227,-0.20019531,0
1612940558573768960,52.24703979,109.75760651,-4.99319792,2.68715162,-0.08529846,-0.23730469,0
1612940558672771072,52.0723114,109.84119415,-4.99328995,2.67737701,-0.11303654,-0.2578125,0
1612940558774773248,51.89228821,109.92731476,-4.99337101,2.66447549,-0.13935623,-0.2578125,0
1612940558876775424,51.71226501,110.01366425,-4.99345207,2.64909737,-0.16070494,-0.25195312,0
1612940558975777536,51.53753662,110.09767151,-4.99353075,2.63247098,-0.17386654,-0.24707031,0
1612940559077779712,51.35767365,110.18463898,-4.99361277,2.61430069,-0.18154481,-0.24414062,0
1612940559179781888,51.17803192,110.27217102,-4.99371004,2.59555593,-0.18555698,-0.24414062,0
1612940559278784000,51.00399399,110.35782623,-4.99380445,2.57707893,-0.18760072,-0.2421875,0
1612940559380786176,50.8251152,110.44696808,-4.99391794,2.55787267,-0.18879303,-0.23925781,0
1612940559482788352,50.64678955,110.53720856,-4.99404621,2.53859584,-0.18898253,-0.23828125,0
1612940559581790464,50.47434235,110.62599182,-4.99418211,2.51990722,-0.18855716,-0.23730469,0
1612940559683792640,50.29741287,110.71885681,-4.99432802,2.50070422,-0.18796676,-0.23535156,0
1612940559884796928,49.95140839,110.90646362,-4.99464369,2.46307619,-0.18612407,-0.2265625,0
1612940559884796928,49.95140839,110.90646362,-4.99464369,2.46307619,-0.18612407,-0.2265625,0
1612940560088801280,49.60446167,111.10391235,-4.9949646,2.42551484,-0.18177408,-0.21875,0
1612940560187803392,49.43784714,111.20249939,-4.99510622,2.40764811,-0.17907596,-0.21484375,0
1612940560289805568,49.2674942,111.30607605,-4.99525213,2.38952337,-0.17622912,-0.21191406,0
1612940560388807680,49.103508,111.40861511,-4.99538946,2.37220898,-0.17356487,-0.20898438,0
1612940560490809856,48.9360199,111.51637268,-4.99551487,2.35464151,-0.17086333,-0.20410156,0
1612940560592812032,48.77009964,111.626297,-4.99562836,2.33734664,-0.16806266,-0.19628906,0
1612940560691814144,48.61062241,111.73513794,-4.99573135,2.32085122,-0.16485597,-0.19335938,0
1612940560793816320,48.4479866,111.84947968,-4.995821,2.30423569,-0.16094945,-0.19238281,0
1612940560895818496,48.28710556,111.96607971,-4.99589586,2.28798476,-0.15778799,-0.19042969,0
1612940560994820608,48.1326828,112.0814209,-4.99595308,2.27248036,-0.15538515,-0.19042969,0
1612940561096822784,47.97540665,112.20249939,-4.99599791,2.25673479,-0.15341625,-0.19335938,0
1612940561198824960,47.82003021,112.32583618,-4.99602509,2.24114717,-0.15242825,-0.20214844,0
1612940561297827072,47.67108154,112.4477005,-4.99603987,2.22605579,-0.15281595,-0.20703125,0
1612940561399829248,47.51956177,112.57545471,-4.99603987,2.21034599,-0.15531266,-0.21289062,0
1612940561501831424,47.37005615,112.70541382,-4.99603415,2.19435789,-0.15826109,-0.21582031,0
1612940561600833536,47.22689819,112.83365631,-4.99601841,2.17852443,-0.16150388,-0.21582031,0
1612940561702835712,47.08146286,112.96792603,-4.99600172,2.1618986,-0.16420966,-0.21679688,0
1612940561801837824,46.94232941,113.10031128,-4.99598122,2.14554312,-0.16605455,-0.21679688,0
1612940561894839808,46.81348801,113.22650146,-4.99596024,2.13002992,-0.1673772,-0.21582031,0
1612940561996841984,46.67430115,113.36693573,-4.99593878,2.1128989,-0.16830091,-0.21582031,0
1612940562095844096,46.54133606,113.50524902,-4.99590731,2.09621085,-0.16869825,-0.21582031,0
1612940562197846272,46.40660858,113.64979553,-4.99588728,2.07898256,-0.16897108,-0.21582031,0
1612940562299848448,46.27420807,113.79640198,-4.99586582,2.06173199,-0.16915146,-0.23730469,0
1612940562398850560,46.14797592,113.94063568,-4.9958477,2.04493033,-0.17157954,-0.2578125,0
1612940562500852736,46.02031708,114.09122467,-4.99583149,2.02711458,-0.17862117,-0.26464844,0
1612940562602854912,45.89514542,114.24380493,-4.99581528,2.00844148,-0.18725552,-0.26953125,0
1612940562701857024,45.77606201,114.39376831,-4.99579954,1.98953119,-0.19449909,-0.26953125,0
1612940562803859200,45.65590668,114.55017853,-4.99579096,1.96937002,-0.20031253,-0.25,0
1612940562905861376,45.5383606,114.70849609,-4.99578571,1.94875106,-0.20238328,-0.21679688,0
1612940563007863552,45.42351913,114.86869049,-4.99578667,1.92829281,-0.19649863,-0.17773438,0
1612940563106865664,45.31471252,115.02597046,-4.9958024,1.90934706,-0.18428798,-0.15917969,0
1612940563208867840,45.20542908,115.18983459,-4.99583244,1.89139301,-0.16748509,-0.15722656,0
1612940563307869952,45.10216141,115.35061646,-4.99586391,1.87554693,-0.15327296,-0.11230469,0
1612940563409872128,44.99869156,115.51804352,-4.99589205,1.86053081,-0.13873711,-0.05664062,0
1612940563511874304,44.89823914,115.68719482,-4.99590397,1.84741367,-0.11565829,-0.02246094,0
1612940563613876480,44.80081177,115.85803986,-4.99589777,1.83698583,-0.08791104,0.0,0
1612940563712878592,44.70914459,116.02541351,-4.99586821,1.82952058,-0.06286197,0.0,0
1612940563913882880,44.53157806,116.36968231,-4.99571371,1.82084552,-0.0278704,0.0,0
1612940564015885056,44.44569397,116.54650879,-4.99558258,1.81850302,-0.01844544,0.0,0
1612940564117887232,44.36490631,116.71940613,-4.99542141,1.81698608,-0.01235701,-0.02441406,0
1612940564216889344,44.28417969,116.89875031,-4.99522924,1.81591309,-0.01019246,-0.02929688,0
1612940564318891520,44.20583344,117.07926178,-4.99501848,1.81468614,-0.01379531,-0.14160156,0
1612940564420893696,44.12973404,117.26082611,-4.99479628,1.81287128,-0.02899574,-0.20019531,0
1612940564519895808,44.05786133,117.43799591,-4.99458599,1.80849132,-0.06096967,-0.25683594,0
1612940564621897984,43.98573685,117.62145233,-4.99437761,1.80037762,-0.0996181,-0.27636719,0
1612940564723900160,43.91545105,117.80577087,-4.99419022,1.78830735,-0.13575853,-0.28320312,0
1612940564822902272,43.84891891,117.98544312,-4.99403524,1.77343697,-0.16321743,-0.3046875,0
1612940564924904448,43.78209686,118.17131805,-4.99391508,1.75564341,-0.18572873,-0.3125,0
1612940565026906624,43.7170639,118.35795593,-4.99384212,1.73569,-0.2047506,-0.31933594,0
1612940565125908736,43.65574265,118.53982544,-4.99381733,1.71470032,-0.21874519,-0.32226562,0
1612940565227910912,43.59450912,118.72792816,-4.99383545,1.69179197,-0.22985387,-0.32128906,0
1612940565329913088,43.53537369,118.91677094,-4.99389696,1.66792057,-0.23761238,-0.31835938,0
1612940565428915200,43.48017502,119.10076904,-4.99399805,1.64414406,-0.2422321,-0.31445312,0
1612940565530917376,43.42570496,119.29103851,-4.99413633,1.61930248,-0.24441971,-0.3125,0
1612940565632919552,43.37384796,119.48200989,-4.99431038,1.59432684,-0.24512112,-0.3125,0
1612940565731921664,43.32617188,119.66803741,-4.99449539,1.57005448,-0.24522506,-0.31152344,0
1612940565833923840,43.27994156,119.8603363,-4.99470329,1.54503895,-0.24520753,-0.31152344,0
1612940565935926016,43.23680496,120.05327606,-4.99492645,1.52003676,-0.24502528,-0.30957031,0
1612940566034928128,43.19804764,120.2410965,-4.99514675,1.49578697,-0.24472994,-0.30957031,0
1612940566136930304,43.1614418,120.43513489,-4.99537373,1.47085212,-0.24419042,-0.30957031,0
1612940566238932480,43.12834549,120.62966156,-4.99559641,1.44596058,-0.24383336,-0.30957031,0
1612940566340934656,43.09888458,120.82461548,-4.99580479,1.42109979,-0.24359716,-0.30957031,0
1612940566439936768,43.07383728,121.01418304,-4.99599123,1.39698855,-0.24344441,-0.30859375,0
1612940566541938944,43.05178833,121.20980072,-4.99617338,1.37215982,-0.24325088,-0.28710938,0
1612940566643941120,43.03364182,121.40564728,-4.99633551,1.34738441,-0.24118006,-0.26757812,0
1612940566745943296,43.0194664,121.60166931,-4.9964776,1.32310031,-0.23393574,-0.18457031,0
1612940566841945344,43.0098114,121.78623962,-4.99659967,1.30117019,-0.21803519,-0.09667969,0
1612940566940947456,43.00368118,121.97657776,-4.99672079,1.28102717,-0.18445644,-0.09082031,0
1612940567042949632,43.0014801,122.17253876,-4.99682665,1.26420538,-0.14722185,-0.08984375,0
1612940567144951808,43.00345612,122.3683548,-4.99689531,1.2505697,-0.12146725,-0.109375,0
1612940567243953920,43.00935364,122.55815887,-4.99691534,1.23936453,-0.10692474,-0.13183594,0
1612940567345956096,43.01947784,122.75341034,-4.9968853,1.22877833,-0.10223249,-0.17089844,0
1612940567444958208,43.03313828,122.94260406,-4.99679708,1.2185571,-0.10621876,-0.2265625,0
1612940567546960384,43.05102539,123.13716125,-4.99664593,1.2070541,-0.12213396,-0.24707031,0
1612940567648962560,43.07265854,123.33131409,-4.99645138,1.19352599,-0.14269982,-0.25,0
1612940567750964736,43.09789658,123.52502441,-4.99622345,1.17800564,-0.16030702,-0.25195312,0
1612940567849966848,43.12574387,123.71261597,-4.99599171,1.16149175,-0.17236614,-0.25195312,0
1612940567951969024,43.1578064,123.90540314,-4.99576902,1.14342799,-0.18099575,-0.25195312,0
1612940568053971200,43.19326019,124.09763336,-4.99557686,1.12464379,-0.18670699,-0.25097656,0
1612940568152973312,43.23089218,124.283638,-4.99542141,1.10595667,-0.19029117,-0.25097656,0
1612940568254975488,43.27297592,124.47460938,-4.99529839,1.08641052,-0.19259933,-0.25195312,0
1612940568356977664,43.31842422,124.66484833,-4.99520588,1.06666969,-0.19422379,-0.25097656,0
1612940568455979776,43.36574936,124.84872437,-4.99514294,1.04736923,-0.19533458,-0.25097656,0
1612940568656984064,43.47162247,125.21942139,-4.99508905,1.00797392,-0.19632615,-0.24804688,0
1612940568758986240,43.53038406,125.40603638,-4.9950881,0.98792783,-0.19632682,-0.24707031,0
1612940568860988416,43.59253311,125.5915451,-4.99510098,0.96792186,-0.19571036,-0.24511719,0
1612940568962990592,43.65807724,125.77587891,-4.99512196,0.94798131,-0.19498716,-0.24511719,0
1612940569061992704,43.72493744,125.95359802,-4.99514437,0.9287099,-0.19417064,-0.24511719,0
1612940569163994880,43.79715729,126.13539124,-4.99517584,0.90892367,-0.1936104,-0.24511719,0
1612940569265997056,43.87275696,126.3157959,-4.99520826,0.88918413,-0.19323961,-0.2421875,0
1612940569367999232,43.95171738,126.49472809,-4.99524069,0.86948028,-0.19270316,-0.23925781,0
1612940569467001344,44.03156281,126.66692352,-4.99527216,0.85043786,-0.19163965,-0.21679688,0
1612940569569003520,44.11709976,126.84275818,-4.99529982,0.83098584,-0.18814807,-0.14160156,0
1612940569668005632,44.20328903,127.0118103,-4.99532604,0.81276765,-0.17540766,-0.10351562,0
1612940569770007808,44.29533768,127.1842804,-4.99534655,0.7961359,-0.14928943,-0.03320312,0
1612940569872009984,44.39065552,127.35491943,-4.99536705,0.78224781,-0.11990126,0.0,0
1612940569974012160,44.48919296,127.5236969,-4.99537468,0.77179796,-0.08459957,0.0,0
1612940570073014272,44.58785248,127.68569946,-4.99535942,0.76487884,-0.05667319,0.0,0
1612940570175016448,44.69252396,127.85073853,-4.99531126,0.76012355,-0.03750736,0.0,0
1612940570277018624,44.80014801,128.01391602,-4.99522114,0.75697073,-0.02482334,0.0,0
1612940570376020736,44.9072876,128.17054749,-4.99509287,0.75492918,-0.01662971,0.0,0
1612940570478022912,45.02027893,128.3302002,-4.99492168,0.75352401,-0.01100642,0.0,0
1612940570577025024,45.13233566,128.4835968,-4.9947257,0.75261296,-0.00737379,0.0,0
1612940570679027200,45.25009155,128.6401062,-4.99450588,0.75198476,-0.0048807,0.0,0
1612940570781029376,45.37001801,128.79516602,-4.99427891,0.75156623,-0.00323069,0.0,0
1612940570880031488,45.4883461,128.94432068,-4.99405861,0.75129409,-0.00216471,0.0,0
1612940570982033664,45.61209869,129.0967865,-4.99384689,0.75110591,-0.00143309,0.0,0
1612940571084035840,45.7375946,129.24807739,-4.99365044,0.75097955,-0.00094884,0.0,0
1612940571186038016,45.8646965,129.39826965,-4.99347687,0.75089453,-0.00062828,0.0,0
1612940571288040192,45.99328232,129.54742432,-4.99332428,0.75083766,-0.00041608,0.0,0
1612940571387042304,46.11940002,129.69128418,-4.99320126,0.75079901,-0.00027897,0.0,0
1612940571489044480,46.25058746,129.83868408,-4.99309683,0.75077273,-0.00018484,0.0,0
1612940571588046592,46.37903595,129.98095703,-4.99301863,0.75075488,-0.000124,0.0,0
1612940571690048768,46.51245499,130.12684631,-4.99295998,0.75074212,-8.224e-05,0.0,0
1612940571792050944,46.6468811,130.27197266,-4.9929204,0.75073309,-5.454e-05,0.0,0
1612940571894053120,46.78223419,130.41648865,-4.99289894,0.7507269,-3.62e-05,0.0,0
1612940571993055232,46.9144249,130.55619812,-4.99289417,0.75072193,-2.435e-05,0.0,0
1612940572095057408,47.05140305,130.69961548,-4.99290276,0.75071832,-1.621e-05,0.0,0
1612940572197059584,47.1891098,130.84251404,-4.99292088,0.75071614,-1.08e-05,0.0,0
1612940572296061696,47.32342148,130.98077393,-4.99295235,0.75071463,-7.3e-06,0.0,0
1612940572398063872,47.46241379,131.12281799,-4.99298859,0.75071506,-4.9e-06,0.0,0
1612940572497065984,47.59787369,131.26028442,-4.99303579,0.75071564,-3.32e-06,0.0,0
1612940572701070336,47.87854767,131.54243469,-4.99313307,0.75071733,-1.52e-06,0.0,0
1612940572800072448,48.01543045,131.67889404,-4.99319601,0.75071796,-1.04e-06,0.0,0
1612940572902074624,48.15687943,131.81918335,-4.99326086,0.75071723,-7e-07,0.0,0
1612940573004076800,48.2987175,131.95925903,-4.99332571,0.75071658,-5e-07,0.0,0
1612940573103078912,48.4367218,132.09490967,-4.99338865,0.75071593,-3.5e-07,0.0,0
1612940573205081088,48.57924652,132.23446655,-4.9934535,0.75071539,-2.4e-07,0.0,0
1612940573307083264,48.7220726,132.37388611,-4.99351835,0.75071496,-1.7e-07,0.0,0
1612940573406085376,48.86096573,132.50883484,-4.99356985,0.75071447,-1.4e-07,-0.02050781,0
1612940573508087552,49.0043335,132.64787292,-4.99361849,0.75067844,-0.00203702,-0.02734375,0
1612940573610089728,49.1479454,132.78671265,-4.99366713,0.75019913,-0.00747409,-0.03222656,0
1612940573709091840,49.28754425,132.92115784,-4.99371433,0.74920874,-0.01249886,-0.04980469,0
1612940573811094016,49.43157959,133.05967712,-4.99376297,0.74766708,-0.01857751,-0.08789062,0
1612940573913096192,49.57581711,133.19819641,-4.99381161,0.74532714,-0.02930632,-0.12207031,0
1612940574015098368,49.72024155,133.33630371,-4.99386024,0.74156496,-0.04555936,-0.12695312,0
1612940574117100544,49.86486053,133.4743042,-4.99390888,0.73598053,-0.06309965,-0.12890625,0
1612940574216102656,50.00541687,133.60824585,-4.99395609,0.72909211,-0.07537854,-0.12988281,0
1612940574318104832,50.1504631,133.7459259,-4.99400473,0.72092481,-0.08423061,-0.12597656,0
1612940574420107008,50.29576492,133.88340759,-4.99405336,0.71201196,-0.08985534,-0.12207031,0
1612940574519109120,50.43710327,134.01654053,-4.99410057,0.702961,-0.09256606,-0.1015625,0
1612940574621111296,50.58307266,134.15341187,-4.99414921,0.69350734,-0.09131062,-0.06152344,0
1612940574720113408,50.72515106,134.2858429,-4.99419641,0.68471577,-0.08419719,-0.05859375,0
1612940574822115584,50.87201309,134.42175293,-4.99424505,0.67679401,-0.07177412,0.0,0
1612940574924117760,51.01940536,134.55706787,-4.99429369,0.67004919,-0.05724429,0.0,0
1612940575023119872,51.16302109,134.68780518,-4.9943409,0.6653794,-0.03834808,0.0,0
1612940575125122048,51.3115921,134.8218689,-4.99438953,0.66217496,-0.0253791,0.0,0
1612940575224124160,51.4563942,134.95132446,-4.99443674,0.66010424,-0.01700127,0.0,0
1612940575326126336,51.60620499,135.08395386,-4.99447584,0.65868314,-0.0112516,0.0,0
1612940575428128512,51.75663757,135.21592712,-4.99450827,0.65774322,-0.00744642,0.0,0
1612940575530130688,51.90765762,135.34721375,-4.99452782,0.65712179,-0.00492812,0.0,0
1612940575629132800,52.05477905,135.47398376,-4.99454355,0.65672093,-0.00330132,0.0,0
1612940575731134976,52.20687866,135.60400391,-4.99454832,0.65644619,-0.00218484,0.0,0
1612940575830137088,52.35498428,135.72966003,-4.99454832,0.65626917,-0.00146362,0.0,0
1612940575932139264,52.50803757,135.8585968,-4.99454832,0.65614805,-0.00096865,0.0,0
1612940576034141440,52.66152191,135.98703003,-4.99454832,0.6560682,-0.00064107,0.0,0
1612940576133143552,52.81087494,136.11125183,-4.99454832,0.65601598,-0.00042945,-0.07714844,0
1612940576235145728,52.96512222,136.23884583,-4.99453735,0.65588749,-0.00664824,-0.12988281,0
1612940576337147904,53.11972046,136.36595154,-4.99453306,0.65412303,-0.03012727,-0.1484375,0
1612940576436150016,53.27007294,136.4889679,-4.99453306,0.64986008,-0.05554333,-0.15136719,0
1612940576538152192,53.42528915,136.61546326,-4.99453306,0.64306206,-0.07652511,-0.15234375,0
1612940576640154368,53.58079529,136.74153137,-4.99453306,0.63447352,-0.09095541,-0.15234375,0
1612940576733156352,53.7228508,136.85614014,-4.99453306,0.62556987,-0.0999554,-0.15429688,0
1612940576835158528,53.87899017,136.98147583,-4.99453306,0.61500665,-0.10682625,-0.15234375,0
1612940576934160640,54.03090668,137.10266113,-4.99454594,0.6041813,-0.11145546,-0.1328125,0
1612940577036162816,54.1878624,137.22697449,-4.99456215,0.59270852,-0.11196604,-0.125,0
1612940577237167104,54.49866104,137.47000122,-4.99461842,0.57089939,-0.10347178,-0.08691406,0
1612940577339169280,54.65725708,137.59216309,-4.99465084,0.56073984,-0.09497582,-0.03027344,0
1612940577441171456,54.81650925,137.71342468,-4.99469376,0.55164279,-0.08031598,0.0,0
1612940577540173568,54.97174835,137.8302002,-4.99474096,0.54471337,-0.0591552,0.0,0
1612940577642175744,55.13240051,137.94953918,-4.99478197,0.53976935,-0.03915028,0.0,0
1612940577744177920,55.29380798,138.06781006,-4.9948144,0.53649734,-0.02591001,0.0,0
1612940577846180096,55.45595551,138.18501282,-4.99484539,0.53433152,-0.0171475,0.0,0
1612940577948182272,55.61883545,138.30114746,-4.9948616,0.532898,-0.01134838,0.0,0
1612940578047184384,55.77760696,138.41288757,-4.99486494,0.53197172,-0.00760222,0.0,0
1612940578149186560,55.94184875,138.52705383,-4.99485826,0.53133561,-0.00503124,0.0,0
1612940578251188736,56.10672379,138.64030457,-4.99484205,0.53091443,-0.00332976,0.0,0
1612940578353190912,56.27219772,138.75263977,-4.9948163,0.53063569,-0.00220369,0.0,0
1612940578452193024,56.43333435,138.86091614,-4.99478483,0.53045523,-0.00147627,-0.01660156,0
1612940578554195200,56.59986115,138.97169495,-4.99475241,0.53030266,-0.00262599,-0.05273438,0
1612940578656197376,56.76686859,139.08181763,-4.99471998,0.52976891,-0.01003521,-0.10449219,0
1612940578755199488,56.92939758,139.1880188,-4.99468851,0.52813947,-0.02553537,-0.11230469,0
1612940578857201664,57.09725952,139.29682922,-4.99465609,0.52448425,-0.04529814,-0.12890625,0
1612940578956203776,57.26055145,139.40190125,-4.99462461,0.5192229,-0.06111035,-0.12890625,0
1612940579058205952,57.42916107,139.50961304,-4.99460411,0.51224979,-0.07468262,-0.12890625,0
1612940579160208128,57.59814835,139.61676025,-4.9945879,0.5041424,-0.08366499,-0.12890625,0
1612940579259210240,57.76252747,139.72019958,-4.9945755,0.4955528,-0.08946749,-0.12890625,0
1612940579361212416,57.93228149,139.82618713,-4.9945755,0.48620982,-0.09344974,-0.12695312,0
1612940579463214592,58.10247803,139.931427,-4.99457693,0.4765374,-0.09589124,-0.125,0
1612940579562216704,58.26809692,140.03289795,-4.99459267,0.46698102,-0.09695743,-0.12207031,0
1612940579664218880,58.43922043,140.13664246,-4.99460888,0.4570739,-0.09707814,-0.125,0
1612940579766221056,58.61086273,140.23953247,-4.99463558,0.44718982,-0.09693731,-0.13183594,0
1612940579865223168,58.77798462,140.33847046,-4.99466705,0.43755959,-0.09802473,-0.13574219,0
1612940579967225344,58.95072937,140.43942261,-4.99469948,0.42745232,-0.10027912,-0.13867188,0
1612940580066227456,59.11896133,140.53639221,-4.99473095,0.41740904,-0.10266049,-0.13867188,0
1612940580168229632,59.29289627,140.63519287,-4.99476337,0.40682238,-0.10477486,-0.14257812,0
1612940580270231808,59.46746826,140.73280334,-4.9947958,0.39604947,-0.10662644,-0.17773438,0
1612940580369233920,59.63753128,140.82640076,-4.99482727,0.38533865,-0.11188573,-0.18164062,0
1612940580471236096,59.81340408,140.92153931,-4.9948597,0.37340751,-0.12167577,-0.18652344,0
1612940580573238272,59.98995972,141.01539612,-4.99489212,0.36060237,-0.12921658,-0.19238281,0
1612940580675240448,60.16720581,141.10780334,-4.99492455,0.34709164,-0.13569035,-0.21484375,0
1612940580774242560,60.33991623,141.19615173,-4.99495602,0.33336286,-0.14262897,-0.21875,0
1612940580876244736,60.51857758,141.28567505,-4.99500084,0.31832778,-0.15181343,-0.22167969,0
1612940580978246912,60.69797516,141.37361145,-4.99504948,0.30246943,-0.15886554,-0.22167969,0
1612940581080249088,60.87812042,141.45988464,-4.99509811,0.28598443,-0.16401991,-0.22265625,0
1612940581182251264,61.05904007,141.54437256,-4.99514675,0.26906731,-0.16751994,-0.22265625,0
1612940581281253376,61.23539352,141.62461853,-4.99520731,0.2523548,-0.16994743,-0.22265625,0
1612940581383255552,61.4178772,141.70536804,-4.99527216,0.23492973,-0.17161334,-0.22265625,0
1612940581482257664,61.59577179,141.78178406,-4.99534082,0.21788341,-0.17268957,-0.21972656,0
1612940581584259840,61.77985764,141.8584137,-4.99541712,0.20023227,-0.17318647,-0.21582031,0
1612940581785264128,62.14502335,142.0027771,-4.99556732,0.16556009,-0.17128398,-0.21191406,0
1612940581785264128,62.14502335,142.0027771,-4.99556732,0.16556009,-0.17128398,-0.21191406,0
1612940581989268480,62.51886368,142.13975525,-4.99570656,0.13090472,-0.16853923,-0.20703125,0
1612940582088270592,62.70143509,142.20259094,-4.99576855,0.11428336,-0.16714753,-0.203125,0
1612940582190272768,62.89029694,142.26473999,-4.99582052,0.09732437,-0.16519003,-0.19628906,0
1612940582289274880,63.07432938,142.32249451,-4.99587345,0.08107675,-0.16270106,-0.18945312,0
1612940582391277056,63.26465988,142.37930298,-4.99592209,0.06464754,-0.1591353,-0.15527344,0
1612940582493279232,63.45568848,142.43331909,-4.99596453,0.04864364,-0.15281922,-0.1484375,0
1612940582592281344,63.64174652,142.48303223,-4.99599218,0.03405848,-0.14200866,-0.14160156,0
1612940582694283520,63.83408356,142.53144836,-4.9960084,0.02004562,-0.13284594,-0.13574219,0
1612940582796285696,64.02703094,142.57693481,-4.9960165,0.00689566,-0.12504692,-0.1015625,0
1612940582898287872,64.22054291,142.61956787,-4.99600935,-0.0054755,-0.11570362,-0.09472656,0
1612940582997289984,64.40888214,142.65814209,-4.99598789,-0.01630358,-0.1033359,-0.08984375,0
1612940583099292160,64.60341644,142.69508362,-4.99594927,-0.02630882,-0.09306476,-0.08691406,0
1612940583201294336,64.79840088,142.72915649,-4.99589586,-0.03539039,-0.08521344,-0.09472656,0
1612940583300296448,64.98808289,142.75953674,-4.9958272,-0.04354395,-0.08012807,-0.11621094,0
1612940583402298624,65.18386841,142.78816223,-4.99573946,-0.05165571,-0.08032363,-0.13671875,0
1612940583504300800,65.38004303,142.81407166,-4.9956398,-0.06009283,-0.08606311,-0.171875,0
1612940583603302912,65.57074738,142.83673096,-4.99552965,-0.06906255,-0.0968822,-0.19335938,0
1612940583705305088,65.76751709,142.85754395,-4.99541616,-0.07967305,-0.11135847,-0.20214844,0
1612940583807307264,65.96455383,142.87588501,-4.99530268,-0.09179818,-0.1259291,-0.22167969,0
1612940583906309376,66.15601349,142.89137268,-4.99519253,-0.10486502,-0.13838024,-0.22460938,0
1612940584008311552,66.35346222,142.90492249,-4.99509287,-0.11964631,-0.15072852,-0.22558594,0
1612940584110313728,66.55112457,142.91607666,-4.99501133,-0.13549871,-0.15950173,-0.22558594,0
1612940584212315904,66.748909,142.92481995,-4.99495459,-0.15209666,-0.16547844,-0.22558594,0
1612940584311318016,66.94100952,142.93092346,-4.9949193,-0.16868574,-0.1693393,-0.22558594,0
1612940584413320192,67.13893127,142.93473816,-4.99491167,-0.18610567,-0.17198907,-0.22558594,0
1612940584515322368,67.33685303,142.93598938,-4.99492264,-0.20374713,-0.17374276,-0.2265625,0
1612940584617324544,67.53477478,142.93464661,-4.994946,-0.22153641,-0.17499208,-0.2265625,0
1612940584716326656,67.72687531,142.93077087,-4.9949789,-0.23891473,-0.17596556,-0.2265625,0
1612940584818328832,67.92472076,142.92407227,-4.99502754,-0.25690308,-0.17663382,-0.22167969,0
1612940584920331008,68.12238312,142.91456604,-4.99508667,-0.27493525,-0.17651059,-0.21484375,0
1612940585022333184,68.31983948,142.90220642,-4.99515152,-0.29288668,-0.17501855,-0.19433594,0
1612940585121335296,68.51126099,142.8874054,-4.99521446,-0.3100782,-0.17107986,-0.17382812,0
1612940585223337472,68.70819855,142.8692627,-4.99527931,-0.32715056,-0.16263416,-0.05957031,0
1612940585322339584,68.89896393,142.84883118,-4.99534225,-0.34266498,-0.14458993,0.0,0
1612940585424341760,69.09514618,142.82478333,-4.99540043,-0.35549527,-0.10510714,0.0,0
1612940585526343936,69.29086304,142.79769897,-4.99544811,-0.36428761,-0.06956115,0.0,0
1612940585625346048,69.48033905,142.76852417,-4.99547672,-0.36997149,-0.04659868,0.0,0
1612940585727348224,69.67504883,142.73550415,-4.99547768,-0.3738762,-0.03083965,0.0,0
1612940585826350336,69.86351776,142.70071411,-4.99544287,-0.37640176,-0.02065961,0.0,0
1612940585928352512,70.05717468,142.66213989,-4.99536562,-0.37813784,-0.01367313,0.0,0
1612940586030354688,70.25031281,142.62097168,-4.99525213,-0.37928895,-0.00904943,0.0,0
1612940586129356800,70.43727875,142.57862854,-4.99511528,-0.38003431,-0.00606254,0.0,0
1612940586231358976,70.62945557,142.5327301,-4.99495363,-0.38054744,-0.00401262,0.0,0
1612940586333361152,70.82119751,142.48466492,-4.99478102,-0.38088826,-0.00265593,0.0,0
1612940586432363264,71.00688934,142.43609619,-4.99461079,-0.38111,-0.00177948,0.0,0
1612940586534365440,71.19783783,142.38423157,-4.99444866,-0.38126347,-0.00117793,0.0,0
1612940586636367616,71.38840485,142.3306427,-4.99429369,-0.38136567,-0.00077979,0.0,0
1612940586738369792,71.57865143,142.27545166,-4.99415302,-0.38143458,-0.00051626,0.0,0
1612940586939374080,71.95265198,142.16247559,-4.99392414,-0.38152726,-0.00152877,-0.10058594,0
1612940587041376256,72.14202881,142.10322571,-4.99383354,-0.3821093,-0.01529015,-0.15527344,0
1612940587140378368,72.32558441,142.04460144,-4.99376154,-0.38483048,-0.04175292,-0.19238281,0
1612940587242380544,72.51446533,141.98312378,-4.99370337,-0.39059672,-0.07129811,-0.19921875,0
1612940587344382720,72.70313263,141.92060852,-4.99366188,-0.39935456,-0.0990178,-0.203125,0
1612940587443384832,72.88604736,141.85897827,-4.99363899,-0.41016457,-0.11830407,-0.20410156,0
1612940587545387008,73.07427216,141.79454041,-4.99363375,-0.42299454,-0.13235259,-0.20214844,0
1612940587644389120,73.25670624,141.73101807,-4.99364805,-0.43658326,-0.1414341,-0.19628906,0
1612940587746391296,73.44437408,141.66452026,-4.99368429,-0.45132103,-0.14676303,-0.1875,0
1612940587848393472,73.63168335,141.59684753,-4.99374056,-0.46641247,-0.14839336,-0.16699219,0
1612940587947395584,73.81307983,141.52992249,-4.99381256,-0.48104827,-0.145983,-0.1171875,0
1612940588049397760,73.99949646,141.45962524,-4.99390268,-0.49556329,-0.13560963,-0.01757812,0
1612940588151399936,74.18537903,141.3878479,-4.99399996,-0.50844783,-0.11181457,0.0,0
1612940588250402048,74.36519623,141.31666565,-4.99410677,-0.51777404,-0.07757133,0.0,0
1612940588352404224,74.54984283,141.24172974,-4.99422026,-0.52425826,-0.05133744,0.0,0
1612940588454406400,74.73377228,141.16513062,-4.99432278,-0.52855054,-0.03397558,0.0,0
1612940588553408512,74.91161346,141.08917236,-4.99440622,-0.53132447,-0.02276002,0.0,0
1612940588655410688,75.0941391,141.00926208,-4.99446917,-0.533229,-0.01506285,0.0,0
1612940588754412800,75.27062225,140.93019104,-4.99450779,-0.53445997,-0.01009059,0.0,0
1612940588856414976,75.45178223,140.84721375,-4.99452448,-0.53530537,-0.00667814,0.0,0
1612940588955417088,75.62700653,140.76531982,-4.99452114,-0.53585176,-0.00447373,-0.09960938,0
1612940589057419264,75.8069458,140.67964172,-4.99450493,-0.53643164,-0.01367861,-0.15429688,0
1612940589159421440,75.98631287,140.59266663,-4.99447298,-0.53909778,-0.04048396,-0.15917969,0
1612940589258423552,76.15990448,140.50714111,-4.99444151,-0.54452383,-0.06764831,-0.16210938,0
1612940589360425728,76.33824921,140.41795349,-4.99440908,-0.55248768,-0.08734171,-0.14453125,0
1612940589459427840,76.51087952,140.33036804,-4.99437761,-0.5618062,-0.09894013,-0.0625,0
1612940589561430016,76.68826294,140.23910522,-4.99435568,-0.57197176,-0.09437227,0.0,0
1612940589663432192,76.86513519,140.14678955,-4.9943471,-0.58065466,-0.07284977,0.0,0
1612940589762434304,77.03629303,140.05613708,-4.994349,-0.58659797,-0.0488021,0.0,0
1612940589864436480,77.21207428,139.9616394,-4.99436522,-0.59067736,-0.03229766,0.0,0
1612940589966438656,77.38722992,139.86601257,-4.99438143,-0.59337728,-0.02137488,0.0,0
1612940590068440832,77.56179047,139.76922607,-4.99439764,-0.59516449,-0.0141461,0.06362915,0
1612940590170443008,77.73576355,139.67132568,-4.99441385,-0.59623693,-0.00304208,0.18789673,0
1612940590269445120,77.9040451,139.57530212,-4.99442053,-0.59539879,0.0268012,0.19570923,0
1612940590473449472,78.24919891,139.37445068,-4.99441576,-0.58189119,0.09683287,0.18692017,0
1612940590473449472,78.24919891,139.37445068,-4.99441576,-0.58189119,0.09683287,0.18692017,0
1612940590575451648,78.4210434,139.27267456,-4.99439955,-0.57103193,0.11454555,0.20843506,0
1612940590674453760,78.58744049,139.17320251,-4.99437761,-0.55910433,0.12697002,0.19082642,0
1612940590776455936,78.75858307,139.07012939,-4.99434519,-0.54551237,0.13749807,0.08514404,0
1612940590977460224,79.09544373,138.86595154,-4.99428129,-0.51977838,0.10009973,0.0,0
1612940590977460224,79.09544373,138.86595154,-4.99428129,-0.51977838,0.10009973,0.0,0
1612940591079462400,79.26638794,138.76219177,-4.99426126,-0.51141318,0.06624724,0.0,0
1612940591280466688,79.60351562,138.55822754,-4.99424887,-0.50227692,0.03098629,0.05285645,0
1612940591382468864,79.77495575,138.45523071,-4.99425936,-0.49932408,0.02956155,0.07342529,0
1612940591481470976,79.94161224,138.3556366,-4.99427509,-0.4961532,0.03554982,0.14776611,0
1612940591583473152,80.11362457,138.25346375,-4.99429131,-0.49198981,0.05041371,0.22018433,0
1612940591685475328,80.28592682,138.15177917,-4.99430752,-0.48548908,0.0804044,0.22506714,0
1612940591784477440,80.45344543,138.05355835,-4.99432325,-0.47590892,0.11139228,0.2505188,0
1612940591886479616,80.62633514,137.95281982,-4.99433947,-0.46331713,0.13538322,0.32583618,0
1612940591988481792,80.79953766,137.85261536,-4.99436712,-0.4482869,0.16235103,0.32876587,0
1612940592087483904,80.96803284,137.75598145,-4.99439859,-0.43057863,0.19352476,0.32876587,0
1612940592189486080,81.14203644,137.65713501,-4.99444151,-0.40964692,0.21540147,0.32876587,0
1612940592291488256,81.31653595,137.55918884,-4.99449682,-0.38688764,0.22987974,0.32095337,0
1612940592393490432,81.49160767,137.46228027,-4.99456835,-0.36292869,0.23881713,0.31408691,0
1612940592495492608,81.66731262,137.36665344,-4.9946599,-0.33834192,0.2425627,0.30432129,0
1612940592594494720,81.83856201,137.27523804,-4.99477577,-0.31427382,0.24303478,0.30041504,0
1612940592696496896,82.01580811,137.182724,-4.99491739,-0.28957025,0.24125469,0.29745483,0
1612940592795499008,82.18867493,137.0947876,-4.99507952,-0.26578574,0.23925781,0.29745483,0
1612940592897501184,82.3677063,137.0062561,-4.99525785,-0.24148919,0.23735131,0.29745483,0
1612940592999503360,82.54771423,136.9200592,-4.99545002,-0.21735132,0.23608942,0.29452515,0
1612940593098505472,82.72338104,136.83876038,-4.99563885,-0.19402714,0.23505762,0.29354858,0
1612940593200507648,82.90538788,136.75758362,-4.9958334,-0.17012549,0.23368023,0.29354858,0
1612940593299509760,83.0830307,136.6815033,-4.99603033,-0.14704754,0.23264749,0.29257202,0
1612940593401511936,83.26708221,136.60603333,-4.99622297,-0.12335823,0.23185819,0.29354858,0
1612940593500514048,83.44670868,136.53575134,-4.99639463,-0.10043956,0.23124599,0.29354858,0
1612940593602516224,83.63277435,136.4664917,-4.99655533,-0.07686434,0.23101129,0.29452515,0
1612940593704518400,83.81981659,136.40052795,-4.99669695,-0.05330757,0.23092794,0.29354858,0
1612940593803520512,84.00226593,136.33976746,-4.99682188,-0.03043821,0.23097628,0.27301025,0
1612940593905522688,84.19115448,136.28063965,-4.99694395,-0.00692588,0.2286227,0.23779297,0
1612940594007524864,84.38091278,136.22512817,-4.99705696,0.01608514,0.22061668,0.23486328,0
1612940594109527040,84.57148743,136.17333984,-4.99715137,0.03796491,0.20887665,0.21722412,0
1612940594208529152,84.75720215,136.12669373,-4.99722719,0.0581948,0.19906467,0.17810059,0
1612940594310531328,84.94924164,136.08241272,-4.99728823,0.07790396,0.18523096,0.05187988,0
1612940594412533504,85.14194489,136.04206848,-4.9973278,0.0958226,0.15948181,0.06558228,0
1612940594514535680,85.33522797,136.00563049,-4.99733257,0.10994852,0.12091631,0.15167236,0
1612940594613537792,85.52333069,135.97402954,-4.99730968,0.12085101,0.10583463,0.1506958,0
1612940594715539968,85.7175827,135.94526672,-4.99724674,0.13190557,0.11021448,0.05285645,0
1612940594817542144,85.91225433,135.9203186,-4.99713659,0.14308073,0.10164116,0.0,0
1612940594919544320,86.10725403,135.89910889,-4.99697685,0.15223072,0.07518785,0.0,0
1612940595018546432,86.29682159,135.88198853,-4.99678755,0.15838081,0.05036852,0.18887329,0
1612940595120548608,86.49240112,135.86778259,-4.99656248,0.16293559,0.05209472,0.26715088,0
1612940595222550784,86.68821716,135.85693359,-4.9963131,0.17017382,0.09241798,0.27398682,0
1612940595321552896,86.87843323,135.84947205,-4.99605179,0.18139477,0.13190849,0.25735474,0
1612940595423555072,87.07453918,135.84480286,-4.99577618,0.19636003,0.15828389,0.23681641,0
1612940595525557248,87.27082825,135.84306335,-4.99550915,0.21329689,0.17141698,0.1937561,0
1612940595624559360,87.46141815,135.84417725,-4.99527788,0.23042548,0.17124453,0.26126099,0
1612940595726561536,87.65778351,135.84814453,-4.99509048,0.24768632,0.17205897,0.26028442,0
1612940595828563712,87.85414886,135.85507202,-4.99495268,0.2658528,0.1831923,0.26812744,0
1612940596029568000,88.24086761,135.87730408,-4.99479818,0.30423411,0.19814399,0.17907715,0
1612940596128570112,88.43110657,135.89251709,-4.99477386,0.32398776,0.19434333,0.02938843,0
1612940596230572288,88.62685394,135.91119385,-4.99478006,0.34256704,0.16131648,0.0,0
1612940596332574464,88.82229614,135.93299866,-4.99480915,0.35643074,0.11164887,0.0,0
1612940596431576576,89.01161957,135.95716858,-4.99485445,0.36554827,0.07479291,0.0,0
1612940596533578752,89.20625305,135.98521423,-4.99490309,0.37181097,0.04949874,0.0,0
1612940596635580928,89.40040588,136.0164032,-4.99492884,0.37596046,0.03275903,0.0,0
1612940596734583040,89.58835602,136.04959106,-4.99491644,0.37864502,0.02194547,0.0,0
1612940596836585216,89.78151703,136.08665466,-4.99486113,0.38049079,0.01452421,0.0,0
1612940596935587328,89.96852875,136.12527466,-4.99476862,0.38168617,0.00973017,0.0,0
1612940597037589504,90.16075134,136.16763306,-4.99464226,0.38250887,0.00644,0.0,0
1612940597139591680,90.35253143,136.2124176,-4.99449396,0.38305531,0.00426251,0.0,0
1612940597241593856,90.54386139,136.25950623,-4.99433184,0.38341881,0.00282137,0.0,0
1612940597340595968,90.7292099,136.3072052,-4.99417448,0.38365473,0.00189037,0.0,0
1612940597442598144,90.91977692,136.35829163,-4.9940176,0.38381786,0.00125139,0.0,0
1612940597544600320,91.11001587,136.41120911,-4.99387169,0.38392661,0.00082846,0.04309082,0
1612940597646602496,91.29994202,136.46580505,-4.99374151,0.38408819,0.00518501,0.10470581,0
1612940597745604608,91.48396301,136.52027893,-4.99363041,0.38523101,0.021275,0.11157227,0
1612940597847606784,91.67329407,136.57785034,-4.99353456,0.38853758,0.04251575,0.11547852,0
1612940597949608960,91.86236572,136.63676453,-4.99345732,0.39371498,0.05816052,0.11645508,0
1612940598048611072,92.04564667,136.69514465,-4.99340105,0.40004341,0.06899793,0.1184082,0
1612940598150613248,92.23423004,136.75646973,-4.99336338,0.40750115,0.07680577,0.1184082,0
1612940598252615424,92.42254639,136.81898499,-4.99334908,0.41563566,0.08228169,0.11450195,0
1612940598351617536,92.60505676,136.88079834,-4.99335527,0.42396532,0.08549685,0.10961914,0
1612940598453619712,92.7928009,136.94566345,-4.99337912,0.43276199,0.08655193,0.10668945,0
1612940598555621888,92.98023224,137.01170349,-4.99341774,0.4415772,0.08608211,0.04013062,0
1612940598654624000,93.16183472,137.07702637,-4.99346495,0.44998115,0.0798362,0.0,0
1612940598756626176,93.34853363,137.14553833,-4.99352741,0.45717699,0.05984734,0.0,0
1612940598858628352,93.53486633,137.21533203,-4.99359226,0.46217996,0.03960815,0.0,0
1612940598960630528,93.72074127,137.28642273,-4.99365711,0.46549151,0.02621301,0.0,0
1612940599059632640,93.90073395,137.35667419,-4.99372005,0.46763127,0.01755993,0.0,0
1612940599161634816,94.08574677,137.43031311,-4.99378395,0.46910041,0.01162136,0.0,0
1612940599263636992,94.27031708,137.50514221,-4.99383259,0.47007336,0.00769118,0.0,0
1612940599362639104,94.4490509,137.57891846,-4.99387169,0.47070237,0.00515231,0.0,0
1612940599464641280,94.63282013,137.65602112,-4.99390411,0.4711344,0.0034099,0.0,0
1612940599566643456,94.81619263,137.73414612,-4.99392605,0.47142067,0.00225676,0.0,0
1612940599668645632,94.99920654,137.81326294,-4.99394226,0.47161064,0.00149359,0.0,0
1612940599770647808,95.18190765,137.89328003,-4.99395847,0.47173654,0.00098851,0.0,0
1612940599869649920,95.3589325,137.97169495,-4.99397421,0.47181795,0.00066223,0.0,0
1612940599971652096,95.54102325,138.05332947,-4.99399042,0.47187391,0.00043831,-0.05273438,0
1612940600073654272,95.72284698,138.13562012,-4.99400663,0.47181923,-0.00494774,-0.203125,0
1612940600172656384,95.899086,138.21614075,-4.99402237,0.47038664,-0.03316788,-0.20703125,0
1612940600274658560,96.08042145,138.29975891,-4.99403858,0.46466675,-0.07632323,-0.20996094,0
1612940600376660736,96.26154327,138.38391113,-4.99405479,0.45528587,-0.10581709,-0.20996094,0
1612940600577665024,96.61800385,138.55110168,-4.99406052,0.43026956,-0.13859464,-0.18945312,0
1612940600577665024,96.61800385,138.55110168,-4.99406052,0.43026956,-0.13859464,-0.16992188,0
1612940600778669312,96.97428894,138.71876526,-4.99408627,0.40129323,-0.14472993,-0.13476562,0
1612940600880671488,97.15510559,138.80384827,-4.99410248,0.38679919,-0.137426,0.0,0
1612940600982673664,97.33616638,138.88882446,-4.9941287,0.37355967,-0.11448822,0.0,0
safe
